Date,DayOfWeek,Week,Month,Quarter,Year,Weekend,SeasonalIndex,Holiday,DataSource,DataStatus,NotOperationalEvidence
2023-01-01,6,52,1,1,2023,TRUE,1.0034,TRUE,SIMULATED_REEM_V2,DEVELOPMENT,TRUE
2023-01-02,0,1,1,1,2023,FALSE,1.0069,FALSE,SIMULATED_REEM_V2,DEVELOPMENT,TRUE
2023-01-03,1,1,1,1,2023,FALSE,1.0103,FALSE,SIMULATED_REEM_V2,DEVELOPMENT,TRUE
2023-01-04,2,1,1,1,2023,FALSE,1.0138,FALSE,SIMULATED_REEM_V2,DEVELOPMENT,TRUE
2023-01-05,3,1,1,1,2023,FALSE,1.0172,FALSE,SIMULATED_REEM_V2,DEVELOPMENT,TRUE
2023-01-06,4,1,1,1,2023,FALSE,1.0206,FALSE,SIMULATED_REEM_V2,DEVELOPMENT,TRUE
2023-01-07,5,1,1,1,2023,TRUE,1.024,FALSE,SIMULATED_REEM_V2,DEVELOPMENT,TRUE
2023-01-08,6,1,1,1,2023,TRUE,1.0274,FALSE,SIMULATED_REEM_V2,DEVELOPMENT,TRUE
2023-01-09,0,2,1,1,2023,FALSE,1.0308,FALSE,SIMULATED_REEM_V2,DEVELOPMENT,TRUE
2023-01-10,1,2,1,1,2023,FALSE,1.0342,FALSE,SIMULATED_REEM_V2,DEVELOPMENT,TRUE
2023-01-11,2,2,1,1,2023,FALSE,1.0376,FALSE,SIMULATED_REEM_V2,DEVELOPMENT,TRUE
2023-01-12,3,2,1,1,2023,FALSE,1.041,FALSE,SIMULATED_REEM_V2,DEVELOPMENT,TRUE
2023-01-13,4,2,1,1,2023,FALSE,1.0444,FALSE,SIMULATED_REEM_V2,DEVELOPMENT,TRUE
2023-01-14,5,2,1,1,2023,TRUE,1.0477,FALSE,SIMULATED_REEM_V2,DEVELOPMENT,TRUE
2023-01-15,6,2,1,1,2023,TRUE,1.051,FALSE,SIMULATED_REEM_V2,DEVELOPMENT,TRUE
2023-01-16,0,3,1,1,2023,FALSE,1.0544,FALSE,SIMULATED_REEM_V2,DEVELOPMENT,TRUE
2023-01-17,1,3,1,1,2023,FALSE,1.0577,FALSE,SIMULATED_REEM_V2,DEVELOPMENT,TRUE
2023-01-18,2,3,1,1,2023,FALSE,1.0609,FALSE,SIMULATED_REEM_V2,DEVELOPMENT,TRUE
2023-01-19,3,3,1,1,2023,FALSE,1.0642,FALSE,SIMULATED_REEM_V2,DEVELOPMENT,TRUE
2023-01-20,4,3,1,1,2023,FALSE,1.0675,FALSE,SIMULATED_REEM_V2,DEVELOPMENT,TRUE
2023-01-21,5,3,1,1,2023,TRUE,1.0707,FALSE,SIMULATED_REEM_V2,DEVELOPMENT,TRUE
2023-01-22,6,3,1,1,2023,TRUE,1.0739,FALSE,SIMULATED_REEM_V2,DEVELOPMENT,TRUE
2023-01-23,0,4,1,1,2023,FALSE,1.0771,FALSE,SIMULATED_REEM_V2,DEVELOPMENT,TRUE
2023-01-24,1,4,1,1,2023,FALSE,1.0802,FALSE,SIMULATED_REEM_V2,DEVELOPMENT,TRUE
2023-01-25,2,4,1,1,2023,FALSE,1.0834,FALSE,SIMULATED_REEM_V2,DEVELOPMENT,TRUE
2023-01-26,3,4,1,1,2023,FALSE,1.0865,FALSE,SIMULATED_REEM_V2,DEVELOPMENT,TRUE
2023-01-27,4,4,1,1,2023,FALSE,1.0896,FALSE,SIMULATED_REEM_V2,DEVELOPMENT,TRUE
2023-01-28,5,4,1,1,2023,TRUE,1.0927,FALSE,SIMULATED_REEM_V2,DEVELOPMENT,TRUE
2023-01-29,6,4,1,1,2023,TRUE,1.0957,FALSE,SIMULATED_REEM_V2,DEVELOPMENT,TRUE
2023-01-30,0,5,1,1,2023,FALSE,1.0987,FALSE,SIMULATED_REEM_V2,DEVELOPMENT,TRUE
2023-01-31,1,5,1,1,2023,FALSE,1.1017,FALSE,SIMULATED_REEM_V2,DEVELOPMENT,TRUE
2023-02-01,2,5,2,1,2023,FALSE,1.1046,FALSE,SIMULATED_REEM_V2,DEVELOPMENT,TRUE
2023-02-02,3,5,2,1,2023,FALSE,1.1075,FALSE,SIMULATED_REEM_V2,DEVELOPMENT,TRUE
2023-02-03,4,5,2,1,2023,FALSE,1.1104,FALSE,SIMULATED_REEM_V2,DEVELOPMENT,TRUE
2023-02-04,5,5,2,1,2023,TRUE,1.1133,FALSE,SIMULATED_REEM_V2,DEVELOPMENT,TRUE
2023-02-05,6,5,2,1,2023,TRUE,1.1161,FALSE,SIMULATED_REEM_V2,DEVELOPMENT,TRUE
2023-02-06,0,6,2,1,2023,FALSE,1.1189,FALSE,SIMULATED_REEM_V2,DEVELOPMENT,TRUE
2023-02-07,1,6,2,1,2023,FALSE,1.1216,FALSE,SIMULATED_REEM_V2,DEVELOPMENT,TRUE
2023-02-08,2,6,2,1,2023,FALSE,1.1243,FALSE,SIMULATED_REEM_V2,DEVELOPMENT,TRUE
2023-02-09,3,6,2,1,2023,FALSE,1.127,FALSE,SIMULATED_REEM_V2,DEVELOPMENT,TRUE
2023-02-10,4,6,2,1,2023,FALSE,1.1297,FALSE,SIMULATED_REEM_V2,DEVELOPMENT,TRUE
2023-02-11,5,6,2,1,2023,TRUE,1.1323,FALSE,SIMULATED_REEM_V2,DEVELOPMENT,TRUE
2023-02-12,6,6,2,1,2023,TRUE,1.1348,FALSE,SIMULATED_REEM_V2,DEVELOPMENT,TRUE
2023-02-13,0,7,2,1,2023,FALSE,1.1373,FALSE,SIMULATED_REEM_V2,DEVELOPMENT,TRUE
2023-02-14,1,7,2,1,2023,FALSE,1.1398,FALSE,SIMULATED_REEM_V2,DEVELOPMENT,TRUE
2023-02-15,2,7,2,1,2023,FALSE,1.1423,FALSE,SIMULATED_REEM_V2,DEVELOPMENT,TRUE
2023-02-16,3,7,2,1,2023,FALSE,1.1447,FALSE,SIMULATED_REEM_V2,DEVELOPMENT,TRUE
2023-02-17,4,7,2,1,2023,FALSE,1.147,FALSE,SIMULATED_REEM_V2,DEVELOPMENT,TRUE
2023-02-18,5,7,2,1,2023,TRUE,1.1493,FALSE,SIMULATED_REEM_V2,DEVELOPMENT,TRUE
2023-02-19,6,7,2,1,2023,TRUE,1.1516,FALSE,SIMULATED_REEM_V2,DEVELOPMENT,TRUE
2023-02-20,0,8,2,1,2023,FALSE,1.1538,FALSE,SIMULATED_REEM_V2,DEVELOPMENT,TRUE
2023-02-21,1,8,2,1,2023,FALSE,1.156,FALSE,SIMULATED_REEM_V2,DEVELOPMENT,TRUE
2023-02-22,2,8,2,1,2023,FALSE,1.1581,FALSE,SIMULATED_REEM_V2,DEVELOPMENT,TRUE
2023-02-23,3,8,2,1,2023,FALSE,1.1602,FALSE,SIMULATED_REEM_V2,DEVELOPMENT,TRUE
2023-02-24,4,8,2,1,2023,FALSE,1.1622,FALSE,SIMULATED_REEM_V2,DEVELOPMENT,TRUE
2023-02-25,5,8,2,1,2023,TRUE,1.1642,FALSE,SIMULATED_REEM_V2,DEVELOPMENT,TRUE
2023-02-26,6,8,2,1,2023,TRUE,1.1662,FALSE,SIMULATED_REEM_V2,DEVELOPMENT,TRUE
2023-02-27,0,9,2,1,2023,FALSE,1.168,FALSE,SIMULATED_REEM_V2,DEVELOPMENT,TRUE
2023-02-28,1,9,2,1,2023,FALSE,1.1699,FALSE,SIMULATED_REEM_V2,DEVELOPMENT,TRUE
2023-03-01,2,9,3,1,2023,FALSE,1.1717,FALSE,SIMULATED_REEM_V2,DEVELOPMENT,TRUE
2023-03-02,3,9,3,1,2023,FALSE,1.1734,FALSE,SIMULATED_REEM_V2,DEVELOPMENT,TRUE
2023-03-03,4,9,3,1,2023,FALSE,1.1751,FALSE,SIMULATED_REEM_V2,DEVELOPMENT,TRUE
2023-03-04,5,9,3,1,2023,TRUE,1.1767,FALSE,SIMULATED_REEM_V2,DEVELOPMENT,TRUE
2023-03-05,6,9,3,1,2023,TRUE,1.1783,FALSE,SIMULATED_REEM_V2,DEVELOPMENT,TRUE
2023-03-06,0,10,3,1,2023,FALSE,1.1799,FALSE,SIMULATED_REEM_V2,DEVELOPMENT,TRUE
2023-03-07,1,10,3,1,2023,FALSE,1.1813,FALSE,SIMULATED_REEM_V2,DEVELOPMENT,TRUE
2023-03-08,2,10,3,1,2023,FALSE,1.1828,FALSE,SIMULATED_REEM_V2,DEVELOPMENT,TRUE
2023-03-09,3,10,3,1,2023,FALSE,1.1841,FALSE,SIMULATED_REEM_V2,DEVELOPMENT,TRUE
2023-03-10,4,10,3,1,2023,FALSE,1.1854,FALSE,SIMULATED_REEM_V2,DEVELOPMENT,TRUE
2023-03-11,5,10,3,1,2023,TRUE,1.1867,FALSE,SIMULATED_REEM_V2,DEVELOPMENT,TRUE
2023-03-12,6,10,3,1,2023,TRUE,1.1879,FALSE,SIMULATED_REEM_V2,DEVELOPMENT,TRUE
2023-03-13,0,11,3,1,2023,FALSE,1.1891,FALSE,SIMULATED_REEM_V2,DEVELOPMENT,TRUE
2023-03-14,1,11,3,1,2023,FALSE,1.1902,FALSE,SIMULATED_REEM_V2,DEVELOPMENT,TRUE
2023-03-15,2,11,3,1,2023,FALSE,1.1912,FALSE,SIMULATED_REEM_V2,DEVELOPMENT,TRUE
2023-03-16,3,11,3,1,2023,FALSE,1.1922,FALSE,SIMULATED_REEM_V2,DEVELOPMENT,TRUE
2023-03-17,4,11,3,1,2023,FALSE,1.1931,FALSE,SIMULATED_REEM_V2,DEVELOPMENT,TRUE
2023-03-18,5,11,3,1,2023,TRUE,1.194,FALSE,SIMULATED_REEM_V2,DEVELOPMENT,TRUE
2023-03-19,6,11,3,1,2023,TRUE,1.1948,FALSE,SIMULATED_REEM_V2,DEVELOPMENT,TRUE
2023-03-20,0,12,3,1,2023,FALSE,1.1955,FALSE,SIMULATED_REEM_V2,DEVELOPMENT,TRUE
2023-03-21,1,12,3,1,2023,FALSE,1.1962,FALSE,SIMULATED_REEM_V2,DEVELOPMENT,TRUE
2023-03-22,2,12,3,1,2023,FALSE,1.1969,FALSE,SIMULATED_REEM_V2,DEVELOPMENT,TRUE
2023-03-23,3,12,3,1,2023,FALSE,1.1974,FALSE,SIMULATED_REEM_V2,DEVELOPMENT,TRUE
2023-03-24,4,12,3,1,2023,FALSE,1.198,FALSE,SIMULATED_REEM_V2,DEVELOPMENT,TRUE
2023-03-25,5,12,3,1,2023,TRUE,1.1984,FALSE,SIMULATED_REEM_V2,DEVELOPMENT,TRUE
2023-03-26,6,12,3,1,2023,TRUE,1.1988,FALSE,SIMULATED_REEM_V2,DEVELOPMENT,TRUE
2023-03-27,0,13,3,1,2023,FALSE,1.1992,FALSE,SIMULATED_REEM_V2,DEVELOPMENT,TRUE
2023-03-28,1,13,3,1,2023,FALSE,1.1994,FALSE,SIMULATED_REEM_V2,DEVELOPMENT,TRUE
2023-03-29,2,13,3,1,2023,FALSE,1.1997,FALSE,SIMULATED_REEM_V2,DEVELOPMENT,TRUE
2023-03-30,3,13,3,1,2023,FALSE,1.1998,FALSE,SIMULATED_REEM_V2,DEVELOPMENT,TRUE
2023-03-31,4,13,3,1,2023,FALSE,1.1999,FALSE,SIMULATED_REEM_V2,DEVELOPMENT,TRUE
2023-04-01,5,13,4,2,2023,TRUE,1.2,FALSE,SIMULATED_REEM_V2,DEVELOPMENT,TRUE
2023-04-02,6,13,4,2,2023,TRUE,1.2,FALSE,SIMULATED_REEM_V2,DEVELOPMENT,TRUE
2023-04-03,0,14,4,2,2023,FALSE,1.1999,FALSE,SIMULATED_REEM_V2,DEVELOPMENT,TRUE
2023-04-04,1,14,4,2,2023,FALSE,1.1998,FALSE,SIMULATED_REEM_V2,DEVELOPMENT,TRUE
2023-04-05,2,14,4,2,2023,FALSE,1.1996,FALSE,SIMULATED_REEM_V2,DEVELOPMENT,TRUE
2023-04-06,3,14,4,2,2023,FALSE,1.1994,FALSE,SIMULATED_REEM_V2,DEVELOPMENT,TRUE
2023-04-07,4,14,4,2,2023,FALSE,1.199,FALSE,SIMULATED_REEM_V2,DEVELOPMENT,TRUE
2023-04-08,5,14,4,2,2023,TRUE,1.1987,FALSE,SIMULATED_REEM_V2,DEVELOPMENT,TRUE
2023-04-09,6,14,4,2,2023,TRUE,1.1983,FALSE,SIMULATED_REEM_V2,DEVELOPMENT,TRUE
2023-04-10,0,15,4,2,2023,FALSE,1.1978,FALSE,SIMULATED_REEM_V2,DEVELOPMENT,TRUE
2023-04-11,1,15,4,2,2023,FALSE,1.1972,FALSE,SIMULATED_REEM_V2,DEVELOPMENT,TRUE
2023-04-12,2,15,4,2,2023,FALSE,1.1966,FALSE,SIMULATED_REEM_V2,DEVELOPMENT,TRUE
2023-04-13,3,15,4,2,2023,FALSE,1.196,FALSE,SIMULATED_REEM_V2,DEVELOPMENT,TRUE
2023-04-14,4,15,4,2,2023,FALSE,1.1953,FALSE,SIMULATED_REEM_V2,DEVELOPMENT,TRUE
2023-04-15,5,15,4,2,2023,TRUE,1.1945,FALSE,SIMULATED_REEM_V2,DEVELOPMENT,TRUE
2023-04-16,6,15,4,2,2023,TRUE,1.1937,FALSE,SIMULATED_REEM_V2,DEVELOPMENT,TRUE
2023-04-17,0,16,4,2,2023,FALSE,1.1928,FALSE,SIMULATED_REEM_V2,DEVELOPMENT,TRUE
2023-04-18,1,16,4,2,2023,FALSE,1.1918,FALSE,SIMULATED_REEM_V2,DEVELOPMENT,TRUE
2023-04-19,2,16,4,2,2023,FALSE,1.1908,FALSE,SIMULATED_REEM_V2,DEVELOPMENT,TRUE
2023-04-20,3,16,4,2,2023,FALSE,1.1898,FALSE,SIMULATED_REEM_V2,DEVELOPMENT,TRUE
2023-04-21,4,16,4,2,2023,FALSE,1.1886,FALSE,SIMULATED_REEM_V2,DEVELOPMENT,TRUE
2023-04-22,5,16,4,2,2023,TRUE,1.1875,FALSE,SIMULATED_REEM_V2,DEVELOPMENT,TRUE
2023-04-23,6,16,4,2,2023,TRUE,1.1862,FALSE,SIMULATED_REEM_V2,DEVELOPMENT,TRUE
2023-04-24,0,17,4,2,2023,FALSE,1.185,FALSE,SIMULATED_REEM_V2,DEVELOPMENT,TRUE
2023-04-25,1,17,4,2,2023,FALSE,1.1836,FALSE,SIMULATED_REEM_V2,DEVELOPMENT,TRUE
2023-04-26,2,17,4,2,2023,FALSE,1.1822,FALSE,SIMULATED_REEM_V2,DEVELOPMENT,TRUE
2023-04-27,3,17,4,2,2023,FALSE,1.1808,FALSE,SIMULATED_REEM_V2,DEVELOPMENT,TRUE
2023-04-28,4,17,4,2,2023,FALSE,1.1793,FALSE,SIMULATED_REEM_V2,DEVELOPMENT,TRUE
2023-04-29,5,17,4,2,2023,TRUE,1.1777,FALSE,SIMULATED_REEM_V2,DEVELOPMENT,TRUE
2023-04-30,6,17,4,2,2023,TRUE,1.1761,FALSE,SIMULATED_REEM_V2,DEVELOPMENT,TRUE
2023-05-01,0,18,5,2,2023,FALSE,1.1745,TRUE,SIMULATED_REEM_V2,DEVELOPMENT,TRUE
2023-05-02,1,18,5,2,2023,FALSE,1.1728,FALSE,SIMULATED_REEM_V2,DEVELOPMENT,TRUE
2023-05-03,2,18,5,2,2023,FALSE,1.171,FALSE,SIMULATED_REEM_V2,DEVELOPMENT,TRUE
2023-05-04,3,18,5,2,2023,FALSE,1.1692,FALSE,SIMULATED_REEM_V2,DEVELOPMENT,TRUE
2023-05-05,4,18,5,2,2023,FALSE,1.1673,FALSE,SIMULATED_REEM_V2,DEVELOPMENT,TRUE
2023-05-06,5,18,5,2,2023,TRUE,1.1654,FALSE,SIMULATED_REEM_V2,DEVELOPMENT,TRUE
2023-05-07,6,18,5,2,2023,TRUE,1.1635,FALSE,SIMULATED_REEM_V2,DEVELOPMENT,TRUE
2023-05-08,0,19,5,2,2023,FALSE,1.1615,FALSE,SIMULATED_REEM_V2,DEVELOPMENT,TRUE
2023-05-09,1,19,5,2,2023,FALSE,1.1594,FALSE,SIMULATED_REEM_V2,DEVELOPMENT,TRUE
2023-05-10,2,19,5,2,2023,FALSE,1.1573,FALSE,SIMULATED_REEM_V2,DEVELOPMENT,TRUE
2023-05-11,3,19,5,2,2023,FALSE,1.1552,FALSE,SIMULATED_REEM_V2,DEVELOPMENT,TRUE
2023-05-12,4,19,5,2,2023,FALSE,1.153,FALSE,SIMULATED_REEM_V2,DEVELOPMENT,TRUE
2023-05-13,5,19,5,2,2023,TRUE,1.1507,FALSE,SIMULATED_REEM_V2,DEVELOPMENT,TRUE
2023-05-14,6,19,5,2,2023,TRUE,1.1485,FALSE,SIMULATED_REEM_V2,DEVELOPMENT,TRUE
2023-05-15,0,20,5,2,2023,FALSE,1.1461,FALSE,SIMULATED_REEM_V2,DEVELOPMENT,TRUE
2023-05-16,1,20,5,2,2023,FALSE,1.1438,FALSE,SIMULATED_REEM_V2,DEVELOPMENT,TRUE
2023-05-17,2,20,5,2,2023,FALSE,1.1413,FALSE,SIMULATED_REEM_V2,DEVELOPMENT,TRUE
2023-05-18,3,20,5,2,2023,FALSE,1.1389,FALSE,SIMULATED_REEM_V2,DEVELOPMENT,TRUE
2023-05-19,4,20,5,2,2023,FALSE,1.1364,FALSE,SIMULATED_REEM_V2,DEVELOPMENT,TRUE
2023-05-20,5,20,5,2,2023,TRUE,1.1339,FALSE,SIMULATED_REEM_V2,DEVELOPMENT,TRUE
2023-05-21,6,20,5,2,2023,TRUE,1.1313,FALSE,SIMULATED_REEM_V2,DEVELOPMENT,TRUE
2023-05-22,0,21,5,2,2023,FALSE,1.1287,FALSE,SIMULATED_REEM_V2,DEVELOPMENT,TRUE
2023-05-23,1,21,5,2,2023,FALSE,1.126,FALSE,SIMULATED_REEM_V2,DEVELOPMENT,TRUE
2023-05-24,2,21,5,2,2023,FALSE,1.1233,FALSE,SIMULATED_REEM_V2,DEVELOPMENT,TRUE
2023-05-25,3,21,5,2,2023,FALSE,1.1206,FALSE,SIMULATED_REEM_V2,DEVELOPMENT,TRUE
2023-05-26,4,21,5,2,2023,FALSE,1.1178,FALSE,SIMULATED_REEM_V2,DEVELOPMENT,TRUE
2023-05-27,5,21,5,2,2023,TRUE,1.115,FALSE,SIMULATED_REEM_V2,DEVELOPMENT,TRUE
2023-05-28,6,21,5,2,2023,TRUE,1.1122,FALSE,SIMULATED_REEM_V2,DEVELOPMENT,TRUE
2023-05-29,0,22,5,2,2023,FALSE,1.1093,FALSE,SIMULATED_REEM_V2,DEVELOPMENT,TRUE
2023-05-30,1,22,5,2,2023,FALSE,1.1064,FALSE,SIMULATED_REEM_V2,DEVELOPMENT,TRUE
2023-05-31,2,22,5,2,2023,FALSE,1.1035,FALSE,SIMULATED_REEM_V2,DEVELOPMENT,TRUE
2023-06-01,3,22,6,2,2023,FALSE,1.1006,FALSE,SIMULATED_REEM_V2,DEVELOPMENT,TRUE
2023-06-02,4,22,6,2,2023,FALSE,1.0976,FALSE,SIMULATED_REEM_V2,DEVELOPMENT,TRUE
2023-06-03,5,22,6,2,2023,TRUE,1.0946,FALSE,SIMULATED_REEM_V2,DEVELOPMENT,TRUE
2023-06-04,6,22,6,2,2023,TRUE,1.0915,FALSE,SIMULATED_REEM_V2,DEVELOPMENT,TRUE
2023-06-05,0,23,6,2,2023,FALSE,1.0884,FALSE,SIMULATED_REEM_V2,DEVELOPMENT,TRUE
2023-06-06,1,23,6,2,2023,FALSE,1.0853,FALSE,SIMULATED_REEM_V2,DEVELOPMENT,TRUE
2023-06-07,2,23,6,2,2023,FALSE,1.0822,FALSE,SIMULATED_REEM_V2,DEVELOPMENT,TRUE
2023-06-08,3,23,6,2,2023,FALSE,1.0791,FALSE,SIMULATED_REEM_V2,DEVELOPMENT,TRUE
2023-06-09,4,23,6,2,2023,FALSE,1.0759,FALSE,SIMULATED_REEM_V2,DEVELOPMENT,TRUE
2023-06-10,5,23,6,2,2023,TRUE,1.0727,FALSE,SIMULATED_REEM_V2,DEVELOPMENT,TRUE
2023-06-11,6,23,6,2,2023,TRUE,1.0695,FALSE,SIMULATED_REEM_V2,DEVELOPMENT,TRUE
2023-06-12,0,24,6,2,2023,FALSE,1.0662,FALSE,SIMULATED_REEM_V2,DEVELOPMENT,TRUE
2023-06-13,1,24,6,2,2023,FALSE,1.063,FALSE,SIMULATED_REEM_V2,DEVELOPMENT,TRUE
2023-06-14,2,24,6,2,2023,FALSE,1.0597,FALSE,SIMULATED_REEM_V2,DEVELOPMENT,TRUE
2023-06-15,3,24,6,2,2023,FALSE,1.0564,FALSE,SIMULATED_REEM_V2,DEVELOPMENT,TRUE
2023-06-16,4,24,6,2,2023,FALSE,1.0531,FALSE,SIMULATED_REEM_V2,DEVELOPMENT,TRUE
2023-06-17,5,24,6,2,2023,TRUE,1.0498,FALSE,SIMULATED_REEM_V2,DEVELOPMENT,TRUE
2023-06-18,6,24,6,2,2023,TRUE,1.0464,FALSE,SIMULATED_REEM_V2,DEVELOPMENT,TRUE
2023-06-19,0,25,6,2,2023,FALSE,1.0431,FALSE,SIMULATED_REEM_V2,DEVELOPMENT,TRUE
2023-06-20,1,25,6,2,2023,FALSE,1.0397,FALSE,SIMULATED_REEM_V2,DEVELOPMENT,TRUE
2023-06-21,2,25,6,2,2023,FALSE,1.0364,FALSE,SIMULATED_REEM_V2,DEVELOPMENT,TRUE
2023-06-22,3,25,6,2,2023,FALSE,1.033,FALSE,SIMULATED_REEM_V2,DEVELOPMENT,TRUE
2023-06-23,4,25,6,2,2023,FALSE,1.0296,FALSE,SIMULATED_REEM_V2,DEVELOPMENT,TRUE
2023-06-24,5,25,6,2,2023,TRUE,1.0262,FALSE,SIMULATED_REEM_V2,DEVELOPMENT,TRUE
2023-06-25,6,25,6,2,2023,TRUE,1.0227,FALSE,SIMULATED_REEM_V2,DEVELOPMENT,TRUE
2023-06-26,0,26,6,2,2023,FALSE,1.0193,FALSE,SIMULATED_REEM_V2,DEVELOPMENT,TRUE
2023-06-27,1,26,6,2,2023,FALSE,1.0159,FALSE,SIMULATED_REEM_V2,DEVELOPMENT,TRUE
2023-06-28,2,26,6,2,2023,FALSE,1.0125,FALSE,SIMULATED_REEM_V2,DEVELOPMENT,TRUE
2023-06-29,3,26,6,2,2023,FALSE,1.009,FALSE,SIMULATED_REEM_V2,DEVELOPMENT,TRUE
2023-06-30,4,26,6,2,2023,FALSE,1.0056,FALSE,SIMULATED_REEM_V2,DEVELOPMENT,TRUE
2023-07-01,5,26,7,3,2023,TRUE,1.0022,FALSE,SIMULATED_REEM_V2,DEVELOPMENT,TRUE
2023-07-02,6,26,7,3,2023,TRUE,0.9987,FALSE,SIMULATED_REEM_V2,DEVELOPMENT,TRUE
2023-07-03,0,27,7,3,2023,FALSE,0.9953,FALSE,SIMULATED_REEM_V2,DEVELOPMENT,TRUE
2023-07-04,1,27,7,3,2023,FALSE,0.9918,FALSE,SIMULATED_REEM_V2,DEVELOPMENT,TRUE
2023-07-05,2,27,7,3,2023,FALSE,0.9884,FALSE,SIMULATED_REEM_V2,DEVELOPMENT,TRUE
2023-07-06,3,27,7,3,2023,FALSE,0.985,FALSE,SIMULATED_REEM_V2,DEVELOPMENT,TRUE
2023-07-07,4,27,7,3,2023,FALSE,0.9815,FALSE,SIMULATED_REEM_V2,DEVELOPMENT,TRUE
2023-07-08,5,27,7,3,2023,TRUE,0.9781,FALSE,SIMULATED_REEM_V2,DEVELOPMENT,TRUE
2023-07-09,6,27,7,3,2023,TRUE,0.9747,FALSE,SIMULATED_REEM_V2,DEVELOPMENT,TRUE
2023-07-10,0,28,7,3,2023,FALSE,0.9713,FALSE,SIMULATED_REEM_V2,DEVELOPMENT,TRUE
2023-07-11,1,28,7,3,2023,FALSE,0.9679,FALSE,SIMULATED_REEM_V2,DEVELOPMENT,TRUE
2023-07-12,2,28,7,3,2023,FALSE,0.9645,FALSE,SIMULATED_REEM_V2,DEVELOPMENT,TRUE
2023-07-13,3,28,7,3,2023,FALSE,0.9611,FALSE,SIMULATED_REEM_V2,DEVELOPMENT,TRUE
2023-07-14,4,28,7,3,2023,FALSE,0.9577,FALSE,SIMULATED_REEM_V2,DEVELOPMENT,TRUE
2023-07-15,5,28,7,3,2023,TRUE,0.9544,FALSE,SIMULATED_REEM_V2,DEVELOPMENT,TRUE
2023-07-16,6,28,7,3,2023,TRUE,0.951,FALSE,SIMULATED_REEM_V2,DEVELOPMENT,TRUE
2023-07-17,0,29,7,3,2023,FALSE,0.9477,FALSE,SIMULATED_REEM_V2,DEVELOPMENT,TRUE
2023-07-18,1,29,7,3,2023,FALSE,0.9444,FALSE,SIMULATED_REEM_V2,DEVELOPMENT,TRUE
2023-07-19,2,29,7,3,2023,FALSE,0.9411,FALSE,SIMULATED_REEM_V2,DEVELOPMENT,TRUE
2023-07-20,3,29,7,3,2023,FALSE,0.9378,FALSE,SIMULATED_REEM_V2,DEVELOPMENT,TRUE
2023-07-21,4,29,7,3,2023,FALSE,0.9346,FALSE,SIMULATED_REEM_V2,DEVELOPMENT,TRUE
2023-07-22,5,29,7,3,2023,TRUE,0.9313,FALSE,SIMULATED_REEM_V2,DEVELOPMENT,TRUE
2023-07-23,6,29,7,3,2023,TRUE,0.9281,FALSE,SIMULATED_REEM_V2,DEVELOPMENT,TRUE
2023-07-24,0,30,7,3,2023,FALSE,0.9249,FALSE,SIMULATED_REEM_V2,DEVELOPMENT,TRUE
2023-07-25,1,30,7,3,2023,FALSE,0.9217,FALSE,SIMULATED_REEM_V2,DEVELOPMENT,TRUE
2023-07-26,2,30,7,3,2023,FALSE,0.9186,FALSE,SIMULATED_REEM_V2,DEVELOPMENT,TRUE
2023-07-27,3,30,7,3,2023,FALSE,0.9154,FALSE,SIMULATED_REEM_V2,DEVELOPMENT,TRUE
2023-07-28,4,30,7,3,2023,FALSE,0.9123,FALSE,SIMULATED_REEM_V2,DEVELOPMENT,TRUE
2023-07-29,5,30,7,3,2023,TRUE,0.9093,FALSE,SIMULATED_REEM_V2,DEVELOPMENT,TRUE
2023-07-30,6,30,7,3,2023,TRUE,0.9062,FALSE,SIMULATED_REEM_V2,DEVELOPMENT,TRUE
2023-07-31,0,31,7,3,2023,FALSE,0.9032,FALSE,SIMULATED_REEM_V2,DEVELOPMENT,TRUE
2023-08-01,1,31,8,3,2023,FALSE,0.9002,FALSE,SIMULATED_REEM_V2,DEVELOPMENT,TRUE
2023-08-02,2,31,8,3,2023,FALSE,0.8972,FALSE,SIMULATED_REEM_V2,DEVELOPMENT,TRUE
2023-08-03,3,31,8,3,2023,FALSE,0.8943,FALSE,SIMULATED_REEM_V2,DEVELOPMENT,TRUE
2023-08-04,4,31,8,3,2023,FALSE,0.8914,FALSE,SIMULATED_REEM_V2,DEVELOPMENT,TRUE
2023-08-05,5,31,8,3,2023,TRUE,0.8885,FALSE,SIMULATED_REEM_V2,DEVELOPMENT,TRUE
2023-08-06,6,31,8,3,2023,TRUE,0.8857,FALSE,SIMULATED_REEM_V2,DEVELOPMENT,TRUE
2023-08-07,0,32,8,3,2023,FALSE,0.8829,FALSE,SIMULATED_REEM_V2,DEVELOPMENT,TRUE
2023-08-08,1,32,8,3,2023,FALSE,0.8801,FALSE,SIMULATED_REEM_V2,DEVELOPMENT,TRUE
2023-08-09,2,32,8,3,2023,FALSE,0.8774,FALSE,SIMULATED_REEM_V2,DEVELOPMENT,TRUE
2023-08-10,3,32,8,3,2023,FALSE,0.8747,FALSE,SIMULATED_REEM_V2,DEVELOPMENT,TRUE
2023-08-11,4,32,8,3,2023,FALSE,0.872,FALSE,SIMULATED_REEM_V2,DEVELOPMENT,TRUE
2023-08-12,5,32,8,3,2023,TRUE,0.8694,FALSE,SIMULATED_REEM_V2,DEVELOPMENT,TRUE
2023-08-13,6,32,8,3,2023,TRUE,0.8668,FALSE,SIMULATED_REEM_V2,DEVELOPMENT,TRUE
2023-08-14,0,33,8,3,2023,FALSE,0.8642,FALSE,SIMULATED_REEM_V2,DEVELOPMENT,TRUE
2023-08-15,1,33,8,3,2023,FALSE,0.8617,FALSE,SIMULATED_REEM_V2,DEVELOPMENT,TRUE
2023-08-16,2,33,8,3,2023,FALSE,0.8593,FALSE,SIMULATED_REEM_V2,DEVELOPMENT,TRUE
2023-08-17,3,33,8,3,2023,FALSE,0.8568,FALSE,SIMULATED_REEM_V2,DEVELOPMENT,TRUE
2023-08-18,4,33,8,3,2023,FALSE,0.8545,FALSE,SIMULATED_REEM_V2,DEVELOPMENT,TRUE
2023-08-19,5,33,8,3,2023,TRUE,0.8521,FALSE,SIMULATED_REEM_V2,DEVELOPMENT,TRUE
2023-08-20,6,33,8,3,2023,TRUE,0.8498,FALSE,SIMULATED_REEM_V2,DEVELOPMENT,TRUE
2023-08-21,0,34,8,3,2023,FALSE,0.8476,FALSE,SIMULATED_REEM_V2,DEVELOPMENT,TRUE
2023-08-22,1,34,8,3,2023,FALSE,0.8454,FALSE,SIMULATED_REEM_V2,DEVELOPMENT,TRUE
2023-08-23,2,34,8,3,2023,FALSE,0.8432,FALSE,SIMULATED_REEM_V2,DEVELOPMENT,TRUE
2023-08-24,3,34,8,3,2023,FALSE,0.8411,FALSE,SIMULATED_REEM_V2,DEVELOPMENT,TRUE
2023-08-25,4,34,8,3,2023,FALSE,0.839,FALSE,SIMULATED_REEM_V2,DEVELOPMENT,TRUE
2023-08-26,5,34,8,3,2023,TRUE,0.837,FALSE,SIMULATED_REEM_V2,DEVELOPMENT,TRUE
2023-08-27,6,34,8,3,2023,TRUE,0.835,FALSE,SIMULATED_REEM_V2,DEVELOPMENT,TRUE
2023-08-28,0,35,8,3,2023,FALSE,0.8331,FALSE,SIMULATED_REEM_V2,DEVELOPMENT,TRUE
2023-08-29,1,35,8,3,2023,FALSE,0.8313,FALSE,SIMULATED_REEM_V2,DEVELOPMENT,TRUE
2023-08-30,2,35,8,3,2023,FALSE,0.8294,FALSE,SIMULATED_REEM_V2,DEVELOPMENT,TRUE
2023-08-31,3,35,8,3,2023,FALSE,0.8277,FALSE,SIMULATED_REEM_V2,DEVELOPMENT,TRUE
2023-09-01,4,35,9,3,2023,FALSE,0.8259,FALSE,SIMULATED_REEM_V2,DEVELOPMENT,TRUE
2023-09-02,5,35,9,3,2023,TRUE,0.8243,FALSE,SIMULATED_REEM_V2,DEVELOPMENT,TRUE
2023-09-03,6,35,9,3,2023,TRUE,0.8227,FALSE,SIMULATED_REEM_V2,DEVELOPMENT,TRUE
2023-09-04,0,36,9,3,2023,FALSE,0.8211,FALSE,SIMULATED_REEM_V2,DEVELOPMENT,TRUE
2023-09-05,1,36,9,3,2023,FALSE,0.8196,FALSE,SIMULATED_REEM_V2,DEVELOPMENT,TRUE
2023-09-06,2,36,9,3,2023,FALSE,0.8181,FALSE,SIMULATED_REEM_V2,DEVELOPMENT,TRUE
2023-09-07,3,36,9,3,2023,FALSE,0.8167,FALSE,SIMULATED_REEM_V2,DEVELOPMENT,TRUE
2023-09-08,4,36,9,3,2023,FALSE,0.8154,FALSE,SIMULATED_REEM_V2,DEVELOPMENT,TRUE
2023-09-09,5,36,9,3,2023,TRUE,0.8141,FALSE,SIMULATED_REEM_V2,DEVELOPMENT,TRUE
2023-09-10,6,36,9,3,2023,TRUE,0.8128,FALSE,SIMULATED_REEM_V2,DEVELOPMENT,TRUE
2023-09-11,0,37,9,3,2023,FALSE,0.8116,FALSE,SIMULATED_REEM_V2,DEVELOPMENT,TRUE
2023-09-12,1,37,9,3,2023,FALSE,0.8105,FALSE,SIMULATED_REEM_V2,DEVELOPMENT,TRUE
2023-09-13,2,37,9,3,2023,FALSE,0.8094,FALSE,SIMULATED_REEM_V2,DEVELOPMENT,TRUE
2023-09-14,3,37,9,3,2023,FALSE,0.8084,FALSE,SIMULATED_REEM_V2,DEVELOPMENT,TRUE
2023-09-15,4,37,9,3,2023,FALSE,0.8075,FALSE,SIMULATED_REEM_V2,DEVELOPMENT,TRUE
2023-09-16,5,37,9,3,2023,TRUE,0.8066,FALSE,SIMULATED_REEM_V2,DEVELOPMENT,TRUE
2023-09-17,6,37,9,3,2023,TRUE,0.8057,FALSE,SIMULATED_REEM_V2,DEVELOPMENT,TRUE
2023-09-18,0,38,9,3,2023,FALSE,0.8049,FALSE,SIMULATED_REEM_V2,DEVELOPMENT,TRUE
2023-09-19,1,38,9,3,2023,FALSE,0.8042,FALSE,SIMULATED_REEM_V2,DEVELOPMENT,TRUE
2023-09-20,2,38,9,3,2023,FALSE,0.8035,FALSE,SIMULATED_REEM_V2,DEVELOPMENT,TRUE
2023-09-21,3,38,9,3,2023,FALSE,0.8029,FALSE,SIMULATED_REEM_V2,DEVELOPMENT,TRUE
2023-09-22,4,38,9,3,2023,FALSE,0.8024,FALSE,SIMULATED_REEM_V2,DEVELOPMENT,TRUE
2023-09-23,5,38,9,3,2023,TRUE,0.8019,FALSE,SIMULATED_REEM_V2,DEVELOPMENT,TRUE
2023-09-24,6,38,9,3,2023,TRUE,0.8014,FALSE,SIMULATED_REEM_V2,DEVELOPMENT,TRUE
2023-09-25,0,39,9,3,2023,FALSE,0.801,FALSE,SIMULATED_REEM_V2,DEVELOPMENT,TRUE
2023-09-26,1,39,9,3,2023,FALSE,0.8007,FALSE,SIMULATED_REEM_V2,DEVELOPMENT,TRUE
2023-09-27,2,39,9,3,2023,FALSE,0.8005,FALSE,SIMULATED_REEM_V2,DEVELOPMENT,TRUE
2023-09-28,3,39,9,3,2023,FALSE,0.8003,FALSE,SIMULATED_REEM_V2,DEVELOPMENT,TRUE
2023-09-29,4,39,9,3,2023,FALSE,0.8001,FALSE,SIMULATED_REEM_V2,DEVELOPMENT,TRUE
2023-09-30,5,39,9,3,2023,TRUE,0.8,FALSE,SIMULATED_REEM_V2,DEVELOPMENT,TRUE
2023-10-01,6,39,10,4,2023,TRUE,0.8,FALSE,SIMULATED_REEM_V2,DEVELOPMENT,TRUE
2023-10-02,0,40,10,4,2023,FALSE,0.8,FALSE,SIMULATED_REEM_V2,DEVELOPMENT,TRUE
2023-10-03,1,40,10,4,2023,FALSE,0.8001,FALSE,SIMULATED_REEM_V2,DEVELOPMENT,TRUE
2023-10-04,2,40,10,4,2023,FALSE,0.8003,FALSE,SIMULATED_REEM_V2,DEVELOPMENT,TRUE
2023-10-05,3,40,10,4,2023,FALSE,0.8005,FALSE,SIMULATED_REEM_V2,DEVELOPMENT,TRUE
2023-10-06,4,40,10,4,2023,FALSE,0.8008,FALSE,SIMULATED_REEM_V2,DEVELOPMENT,TRUE
2023-10-07,5,40,10,4,2023,TRUE,0.8011,FALSE,SIMULATED_REEM_V2,DEVELOPMENT,TRUE
2023-10-08,6,40,10,4,2023,TRUE,0.8015,FALSE,SIMULATED_REEM_V2,DEVELOPMENT,TRUE
2023-10-09,0,41,10,4,2023,FALSE,0.8019,FALSE,SIMULATED_REEM_V2,DEVELOPMENT,TRUE
2023-10-10,1,41,10,4,2023,FALSE,0.8024,FALSE,SIMULATED_REEM_V2,DEVELOPMENT,TRUE
2023-10-11,2,41,10,4,2023,FALSE,0.803,FALSE,SIMULATED_REEM_V2,DEVELOPMENT,TRUE
2023-10-12,3,41,10,4,2023,FALSE,0.8036,FALSE,SIMULATED_REEM_V2,DEVELOPMENT,TRUE
2023-10-13,4,41,10,4,2023,FALSE,0.8043,FALSE,SIMULATED_REEM_V2,DEVELOPMENT,TRUE
2023-10-14,5,41,10,4,2023,TRUE,0.805,FALSE,SIMULATED_REEM_V2,DEVELOPMENT,TRUE
2023-10-15,6,41,10,4,2023,TRUE,0.8058,FALSE,SIMULATED_REEM_V2,DEVELOPMENT,TRUE
2023-10-16,0,42,10,4,2023,FALSE,0.8067,FALSE,SIMULATED_REEM_V2,DEVELOPMENT,TRUE
2023-10-17,1,42,10,4,2023,FALSE,0.8076,FALSE,SIMULATED_REEM_V2,DEVELOPMENT,TRUE
2023-10-18,2,42,10,4,2023,FALSE,0.8086,FALSE,SIMULATED_REEM_V2,DEVELOPMENT,TRUE
2023-10-19,3,42,10,4,2023,FALSE,0.8096,FALSE,SIMULATED_REEM_V2,DEVELOPMENT,TRUE
2023-10-20,4,42,10,4,2023,FALSE,0.8107,FALSE,SIMULATED_REEM_V2,DEVELOPMENT,TRUE
2023-10-21,5,42,10,4,2023,TRUE,0.8118,FALSE,SIMULATED_REEM_V2,DEVELOPMENT,TRUE
2023-10-22,6,42,10,4,2023,TRUE,0.813,FALSE,SIMULATED_REEM_V2,DEVELOPMENT,TRUE
2023-10-23,0,43,10,4,2023,FALSE,0.8142,FALSE,SIMULATED_REEM_V2,DEVELOPMENT,TRUE
2023-10-24,1,43,10,4,2023,FALSE,0.8155,FALSE,SIMULATED_REEM_V2,DEVELOPMENT,TRUE
2023-10-25,2,43,10,4,2023,FALSE,0.8169,FALSE,SIMULATED_REEM_V2,DEVELOPMENT,TRUE
2023-10-26,3,43,10,4,2023,FALSE,0.8183,FALSE,SIMULATED_REEM_V2,DEVELOPMENT,TRUE
2023-10-27,4,43,10,4,2023,FALSE,0.8198,FALSE,SIMULATED_REEM_V2,DEVELOPMENT,TRUE
2023-10-28,5,43,10,4,2023,TRUE,0.8213,FALSE,SIMULATED_REEM_V2,DEVELOPMENT,TRUE
2023-10-29,6,43,10,4,2023,TRUE,0.8229,FALSE,SIMULATED_REEM_V2,DEVELOPMENT,TRUE
2023-10-30,0,44,10,4,2023,FALSE,0.8245,FALSE,SIMULATED_REEM_V2,DEVELOPMENT,TRUE
2023-10-31,1,44,10,4,2023,FALSE,0.8262,FALSE,SIMULATED_REEM_V2,DEVELOPMENT,TRUE
2023-11-01,2,44,11,4,2023,FALSE,0.8279,FALSE,SIMULATED_REEM_V2,DEVELOPMENT,TRUE
2023-11-02,3,44,11,4,2023,FALSE,0.8297,FALSE,SIMULATED_REEM_V2,DEVELOPMENT,TRUE
2023-11-03,4,44,11,4,2023,FALSE,0.8315,FALSE,SIMULATED_REEM_V2,DEVELOPMENT,TRUE
2023-11-04,5,44,11,4,2023,TRUE,0.8334,FALSE,SIMULATED_REEM_V2,DEVELOPMENT,TRUE
2023-11-05,6,44,11,4,2023,TRUE,0.8353,FALSE,SIMULATED_REEM_V2,DEVELOPMENT,TRUE
2023-11-06,0,45,11,4,2023,FALSE,0.8373,FALSE,SIMULATED_REEM_V2,DEVELOPMENT,TRUE
2023-11-07,1,45,11,4,2023,FALSE,0.8393,FALSE,SIMULATED_REEM_V2,DEVELOPMENT,TRUE
2023-11-08,2,45,11,4,2023,FALSE,0.8414,FALSE,SIMULATED_REEM_V2,DEVELOPMENT,TRUE
2023-11-09,3,45,11,4,2023,FALSE,0.8435,FALSE,SIMULATED_REEM_V2,DEVELOPMENT,TRUE
2023-11-10,4,45,11,4,2023,FALSE,0.8456,FALSE,SIMULATED_REEM_V2,DEVELOPMENT,TRUE
2023-11-11,5,45,11,4,2023,TRUE,0.8479,FALSE,SIMULATED_REEM_V2,DEVELOPMENT,TRUE
2023-11-12,6,45,11,4,2023,TRUE,0.8501,FALSE,SIMULATED_REEM_V2,DEVELOPMENT,TRUE
2023-11-13,0,46,11,4,2023,FALSE,0.8524,FALSE,SIMULATED_REEM_V2,DEVELOPMENT,TRUE
2023-11-14,1,46,11,4,2023,FALSE,0.8548,FALSE,SIMULATED_REEM_V2,DEVELOPMENT,TRUE
2023-11-15,2,46,11,4,2023,FALSE,0.8571,FALSE,SIMULATED_REEM_V2,DEVELOPMENT,TRUE
2023-11-16,3,46,11,4,2023,FALSE,0.8596,FALSE,SIMULATED_REEM_V2,DEVELOPMENT,TRUE
2023-11-17,4,46,11,4,2023,FALSE,0.862,FALSE,SIMULATED_REEM_V2,DEVELOPMENT,TRUE
2023-11-18,5,46,11,4,2023,TRUE,0.8646,FALSE,SIMULATED_REEM_V2,DEVELOPMENT,TRUE
2023-11-19,6,46,11,4,2023,TRUE,0.8671,FALSE,SIMULATED_REEM_V2,DEVELOPMENT,TRUE
2023-11-20,0,47,11,4,2023,FALSE,0.8697,FALSE,SIMULATED_REEM_V2,DEVELOPMENT,TRUE
2023-11-21,1,47,11,4,2023,FALSE,0.8723,FALSE,SIMULATED_REEM_V2,DEVELOPMENT,TRUE
2023-11-22,2,47,11,4,2023,FALSE,0.875,FALSE,SIMULATED_REEM_V2,DEVELOPMENT,TRUE
2023-11-23,3,47,11,4,2023,FALSE,0.8777,FALSE,SIMULATED_REEM_V2,DEVELOPMENT,TRUE
2023-11-24,4,47,11,4,2023,FALSE,0.8804,FALSE,SIMULATED_REEM_V2,DEVELOPMENT,TRUE
2023-11-25,5,47,11,4,2023,TRUE,0.8832,FALSE,SIMULATED_REEM_V2,DEVELOPMENT,TRUE
2023-11-26,6,47,11,4,2023,TRUE,0.886,FALSE,SIMULATED_REEM_V2,DEVELOPMENT,TRUE
2023-11-27,0,48,11,4,2023,FALSE,0.8889,FALSE,SIMULATED_REEM_V2,DEVELOPMENT,TRUE
2023-11-28,1,48,11,4,2023,FALSE,0.8917,FALSE,SIMULATED_REEM_V2,DEVELOPMENT,TRUE
2023-11-29,2,48,11,4,2023,FALSE,0.8946,FALSE,SIMULATED_REEM_V2,DEVELOPMENT,TRUE
2023-11-30,3,48,11,4,2023,FALSE,0.8976,FALSE,SIMULATED_REEM_V2,DEVELOPMENT,TRUE
2023-12-01,4,48,12,4,2023,FALSE,0.9006,FALSE,SIMULATED_REEM_V2,DEVELOPMENT,TRUE
2023-12-02,5,48,12,4,2023,TRUE,0.9036,FALSE,SIMULATED_REEM_V2,DEVELOPMENT,TRUE
2023-12-03,6,48,12,4,2023,TRUE,0.9066,FALSE,SIMULATED_REEM_V2,DEVELOPMENT,TRUE
2023-12-04,0,49,12,4,2023,FALSE,0.9096,FALSE,SIMULATED_REEM_V2,DEVELOPMENT,TRUE
2023-12-05,1,49,12,4,2023,FALSE,0.9127,FALSE,SIMULATED_REEM_V2,DEVELOPMENT,TRUE
2023-12-06,2,49,12,4,2023,FALSE,0.9158,FALSE,SIMULATED_REEM_V2,DEVELOPMENT,TRUE
2023-12-07,3,49,12,4,2023,FALSE,0.919,FALSE,SIMULATED_REEM_V2,DEVELOPMENT,TRUE
2023-12-08,4,49,12,4,2023,FALSE,0.9221,FALSE,SIMULATED_REEM_V2,DEVELOPMENT,TRUE
2023-12-09,5,49,12,4,2023,TRUE,0.9253,FALSE,SIMULATED_REEM_V2,DEVELOPMENT,TRUE
2023-12-10,6,49,12,4,2023,TRUE,0.9285,FALSE,SIMULATED_REEM_V2,DEVELOPMENT,TRUE
2023-12-11,0,50,12,4,2023,FALSE,0.9317,FALSE,SIMULATED_REEM_V2,DEVELOPMENT,TRUE
2023-12-12,1,50,12,4,2023,FALSE,0.935,FALSE,SIMULATED_REEM_V2,DEVELOPMENT,TRUE
2023-12-13,2,50,12,4,2023,FALSE,0.9382,FALSE,SIMULATED_REEM_V2,DEVELOPMENT,TRUE
2023-12-14,3,50,12,4,2023,FALSE,0.9415,FALSE,SIMULATED_REEM_V2,DEVELOPMENT,TRUE
2023-12-15,4,50,12,4,2023,FALSE,0.9448,FALSE,SIMULATED_REEM_V2,DEVELOPMENT,TRUE
2023-12-16,5,50,12,4,2023,TRUE,0.9481,FALSE,SIMULATED_REEM_V2,DEVELOPMENT,TRUE
2023-12-17,6,50,12,4,2023,TRUE,0.9515,FALSE,SIMULATED_REEM_V2,DEVELOPMENT,TRUE
2023-12-18,0,51,12,4,2023,FALSE,0.9548,FALSE,SIMULATED_REEM_V2,DEVELOPMENT,TRUE
2023-12-19,1,51,12,4,2023,FALSE,0.9582,FALSE,SIMULATED_REEM_V2,DEVELOPMENT,TRUE
2023-12-20,2,51,12,4,2023,FALSE,0.9615,FALSE,SIMULATED_REEM_V2,DEVELOPMENT,TRUE
2023-12-21,3,51,12,4,2023,FALSE,0.9649,FALSE,SIMULATED_REEM_V2,DEVELOPMENT,TRUE
2023-12-22,4,51,12,4,2023,FALSE,0.9683,FALSE,SIMULATED_REEM_V2,DEVELOPMENT,TRUE
2023-12-23,5,51,12,4,2023,TRUE,0.9717,FALSE,SIMULATED_REEM_V2,DEVELOPMENT,TRUE
2023-12-24,6,51,12,4,2023,TRUE,0.9751,FALSE,SIMULATED_REEM_V2,DEVELOPMENT,TRUE
2023-12-25,0,52,12,4,2023,FALSE,0.9785,TRUE,SIMULATED_REEM_V2,DEVELOPMENT,TRUE
2023-12-26,1,52,12,4,2023,FALSE,0.982,FALSE,SIMULATED_REEM_V2,DEVELOPMENT,TRUE
2023-12-27,2,52,12,4,2023,FALSE,0.9854,FALSE,SIMULATED_REEM_V2,DEVELOPMENT,TRUE
2023-12-28,3,52,12,4,2023,FALSE,0.9888,FALSE,SIMULATED_REEM_V2,DEVELOPMENT,TRUE
2023-12-29,4,52,12,4,2023,FALSE,0.9923,FALSE,SIMULATED_REEM_V2,DEVELOPMENT,TRUE
2023-12-30,5,52,12,4,2023,TRUE,0.9957,FALSE,SIMULATED_REEM_V2,DEVELOPMENT,TRUE
2023-12-31,6,52,12,4,2023,TRUE,0.9991,FALSE,SIMULATED_REEM_V2,DEVELOPMENT,TRUE
2024-01-01,0,1,1,1,2024,FALSE,1.0034,TRUE,SIMULATED_REEM_V2,DEVELOPMENT,TRUE
2024-01-02,1,1,1,1,2024,FALSE,1.0069,FALSE,SIMULATED_REEM_V2,DEVELOPMENT,TRUE
2024-01-03,2,1,1,1,2024,FALSE,1.0103,FALSE,SIMULATED_REEM_V2,DEVELOPMENT,TRUE
2024-01-04,3,1,1,1,2024,FALSE,1.0138,FALSE,SIMULATED_REEM_V2,DEVELOPMENT,TRUE
2024-01-05,4,1,1,1,2024,FALSE,1.0172,FALSE,SIMULATED_REEM_V2,DEVELOPMENT,TRUE
2024-01-06,5,1,1,1,2024,TRUE,1.0206,FALSE,SIMULATED_REEM_V2,DEVELOPMENT,TRUE
2024-01-07,6,1,1,1,2024,TRUE,1.024,FALSE,SIMULATED_REEM_V2,DEVELOPMENT,TRUE
2024-01-08,0,2,1,1,2024,FALSE,1.0274,FALSE,SIMULATED_REEM_V2,DEVELOPMENT,TRUE
2024-01-09,1,2,1,1,2024,FALSE,1.0308,FALSE,SIMULATED_REEM_V2,DEVELOPMENT,TRUE
2024-01-10,2,2,1,1,2024,FALSE,1.0342,FALSE,SIMULATED_REEM_V2,DEVELOPMENT,TRUE
2024-01-11,3,2,1,1,2024,FALSE,1.0376,FALSE,SIMULATED_REEM_V2,DEVELOPMENT,TRUE
2024-01-12,4,2,1,1,2024,FALSE,1.041,FALSE,SIMULATED_REEM_V2,DEVELOPMENT,TRUE
2024-01-13,5,2,1,1,2024,TRUE,1.0444,FALSE,SIMULATED_REEM_V2,DEVELOPMENT,TRUE
2024-01-14,6,2,1,1,2024,TRUE,1.0477,FALSE,SIMULATED_REEM_V2,DEVELOPMENT,TRUE
2024-01-15,0,3,1,1,2024,FALSE,1.051,FALSE,SIMULATED_REEM_V2,DEVELOPMENT,TRUE
2024-01-16,1,3,1,1,2024,FALSE,1.0544,FALSE,SIMULATED_REEM_V2,DEVELOPMENT,TRUE
2024-01-17,2,3,1,1,2024,FALSE,1.0577,FALSE,SIMULATED_REEM_V2,DEVELOPMENT,TRUE
2024-01-18,3,3,1,1,2024,FALSE,1.0609,FALSE,SIMULATED_REEM_V2,DEVELOPMENT,TRUE
2024-01-19,4,3,1,1,2024,FALSE,1.0642,FALSE,SIMULATED_REEM_V2,DEVELOPMENT,TRUE
2024-01-20,5,3,1,1,2024,TRUE,1.0675,FALSE,SIMULATED_REEM_V2,DEVELOPMENT,TRUE
2024-01-21,6,3,1,1,2024,TRUE,1.0707,FALSE,SIMULATED_REEM_V2,DEVELOPMENT,TRUE
2024-01-22,0,4,1,1,2024,FALSE,1.0739,FALSE,SIMULATED_REEM_V2,DEVELOPMENT,TRUE
2024-01-23,1,4,1,1,2024,FALSE,1.0771,FALSE,SIMULATED_REEM_V2,DEVELOPMENT,TRUE
2024-01-24,2,4,1,1,2024,FALSE,1.0802,FALSE,SIMULATED_REEM_V2,DEVELOPMENT,TRUE
2024-01-25,3,4,1,1,2024,FALSE,1.0834,FALSE,SIMULATED_REEM_V2,DEVELOPMENT,TRUE
2024-01-26,4,4,1,1,2024,FALSE,1.0865,FALSE,SIMULATED_REEM_V2,DEVELOPMENT,TRUE
2024-01-27,5,4,1,1,2024,TRUE,1.0896,FALSE,SIMULATED_REEM_V2,DEVELOPMENT,TRUE
2024-01-28,6,4,1,1,2024,TRUE,1.0927,FALSE,SIMULATED_REEM_V2,DEVELOPMENT,TRUE
2024-01-29,0,5,1,1,2024,FALSE,1.0957,FALSE,SIMULATED_REEM_V2,DEVELOPMENT,TRUE
2024-01-30,1,5,1,1,2024,FALSE,1.0987,FALSE,SIMULATED_REEM_V2,DEVELOPMENT,TRUE
2024-01-31,2,5,1,1,2024,FALSE,1.1017,FALSE,SIMULATED_REEM_V2,DEVELOPMENT,TRUE
2024-02-01,3,5,2,1,2024,FALSE,1.1046,FALSE,SIMULATED_REEM_V2,DEVELOPMENT,TRUE
2024-02-02,4,5,2,1,2024,FALSE,1.1075,FALSE,SIMULATED_REEM_V2,DEVELOPMENT,TRUE
2024-02-03,5,5,2,1,2024,TRUE,1.1104,FALSE,SIMULATED_REEM_V2,DEVELOPMENT,TRUE
2024-02-04,6,5,2,1,2024,TRUE,1.1133,FALSE,SIMULATED_REEM_V2,DEVELOPMENT,TRUE
2024-02-05,0,6,2,1,2024,FALSE,1.1161,FALSE,SIMULATED_REEM_V2,DEVELOPMENT,TRUE
2024-02-06,1,6,2,1,2024,FALSE,1.1189,FALSE,SIMULATED_REEM_V2,DEVELOPMENT,TRUE
2024-02-07,2,6,2,1,2024,FALSE,1.1216,FALSE,SIMULATED_REEM_V2,DEVELOPMENT,TRUE
2024-02-08,3,6,2,1,2024,FALSE,1.1243,FALSE,SIMULATED_REEM_V2,DEVELOPMENT,TRUE
2024-02-09,4,6,2,1,2024,FALSE,1.127,FALSE,SIMULATED_REEM_V2,DEVELOPMENT,TRUE
2024-02-10,5,6,2,1,2024,TRUE,1.1297,FALSE,SIMULATED_REEM_V2,DEVELOPMENT,TRUE
2024-02-11,6,6,2,1,2024,TRUE,1.1323,FALSE,SIMULATED_REEM_V2,DEVELOPMENT,TRUE
2024-02-12,0,7,2,1,2024,FALSE,1.1348,FALSE,SIMULATED_REEM_V2,DEVELOPMENT,TRUE
2024-02-13,1,7,2,1,2024,FALSE,1.1373,FALSE,SIMULATED_REEM_V2,DEVELOPMENT,TRUE
2024-02-14,2,7,2,1,2024,FALSE,1.1398,FALSE,SIMULATED_REEM_V2,DEVELOPMENT,TRUE
2024-02-15,3,7,2,1,2024,FALSE,1.1423,FALSE,SIMULATED_REEM_V2,DEVELOPMENT,TRUE
2024-02-16,4,7,2,1,2024,FALSE,1.1447,FALSE,SIMULATED_REEM_V2,DEVELOPMENT,TRUE
2024-02-17,5,7,2,1,2024,TRUE,1.147,FALSE,SIMULATED_REEM_V2,DEVELOPMENT,TRUE
2024-02-18,6,7,2,1,2024,TRUE,1.1493,FALSE,SIMULATED_REEM_V2,DEVELOPMENT,TRUE
2024-02-19,0,8,2,1,2024,FALSE,1.1516,FALSE,SIMULATED_REEM_V2,DEVELOPMENT,TRUE
2024-02-20,1,8,2,1,2024,FALSE,1.1538,FALSE,SIMULATED_REEM_V2,DEVELOPMENT,TRUE
2024-02-21,2,8,2,1,2024,FALSE,1.156,FALSE,SIMULATED_REEM_V2,DEVELOPMENT,TRUE
2024-02-22,3,8,2,1,2024,FALSE,1.1581,FALSE,SIMULATED_REEM_V2,DEVELOPMENT,TRUE
2024-02-23,4,8,2,1,2024,FALSE,1.1602,FALSE,SIMULATED_REEM_V2,DEVELOPMENT,TRUE
2024-02-24,5,8,2,1,2024,TRUE,1.1622,FALSE,SIMULATED_REEM_V2,DEVELOPMENT,TRUE
2024-02-25,6,8,2,1,2024,TRUE,1.1642,FALSE,SIMULATED_REEM_V2,DEVELOPMENT,TRUE
2024-02-26,0,9,2,1,2024,FALSE,1.1662,FALSE,SIMULATED_REEM_V2,DEVELOPMENT,TRUE
2024-02-27,1,9,2,1,2024,FALSE,1.168,FALSE,SIMULATED_REEM_V2,DEVELOPMENT,TRUE
2024-02-28,2,9,2,1,2024,FALSE,1.1699,FALSE,SIMULATED_REEM_V2,DEVELOPMENT,TRUE
2024-02-29,3,9,2,1,2024,FALSE,1.1717,FALSE,SIMULATED_REEM_V2,DEVELOPMENT,TRUE
2024-03-01,4,9,3,1,2024,FALSE,1.1734,FALSE,SIMULATED_REEM_V2,DEVELOPMENT,TRUE
2024-03-02,5,9,3,1,2024,TRUE,1.1751,FALSE,SIMULATED_REEM_V2,DEVELOPMENT,TRUE
2024-03-03,6,9,3,1,2024,TRUE,1.1767,FALSE,SIMULATED_REEM_V2,DEVELOPMENT,TRUE
2024-03-04,0,10,3,1,2024,FALSE,1.1783,FALSE,SIMULATED_REEM_V2,DEVELOPMENT,TRUE
2024-03-05,1,10,3,1,2024,FALSE,1.1799,FALSE,SIMULATED_REEM_V2,DEVELOPMENT,TRUE
2024-03-06,2,10,3,1,2024,FALSE,1.1813,FALSE,SIMULATED_REEM_V2,DEVELOPMENT,TRUE
2024-03-07,3,10,3,1,2024,FALSE,1.1828,FALSE,SIMULATED_REEM_V2,DEVELOPMENT,TRUE
2024-03-08,4,10,3,1,2024,FALSE,1.1841,FALSE,SIMULATED_REEM_V2,DEVELOPMENT,TRUE
2024-03-09,5,10,3,1,2024,TRUE,1.1854,FALSE,SIMULATED_REEM_V2,DEVELOPMENT,TRUE
2024-03-10,6,10,3,1,2024,TRUE,1.1867,FALSE,SIMULATED_REEM_V2,DEVELOPMENT,TRUE
2024-03-11,0,11,3,1,2024,FALSE,1.1879,FALSE,SIMULATED_REEM_V2,DEVELOPMENT,TRUE
2024-03-12,1,11,3,1,2024,FALSE,1.1891,FALSE,SIMULATED_REEM_V2,DEVELOPMENT,TRUE
2024-03-13,2,11,3,1,2024,FALSE,1.1902,FALSE,SIMULATED_REEM_V2,DEVELOPMENT,TRUE
2024-03-14,3,11,3,1,2024,FALSE,1.1912,FALSE,SIMULATED_REEM_V2,DEVELOPMENT,TRUE
2024-03-15,4,11,3,1,2024,FALSE,1.1922,FALSE,SIMULATED_REEM_V2,DEVELOPMENT,TRUE
2024-03-16,5,11,3,1,2024,TRUE,1.1931,FALSE,SIMULATED_REEM_V2,DEVELOPMENT,TRUE
2024-03-17,6,11,3,1,2024,TRUE,1.194,FALSE,SIMULATED_REEM_V2,DEVELOPMENT,TRUE
2024-03-18,0,12,3,1,2024,FALSE,1.1948,FALSE,SIMULATED_REEM_V2,DEVELOPMENT,TRUE
2024-03-19,1,12,3,1,2024,FALSE,1.1955,FALSE,SIMULATED_REEM_V2,DEVELOPMENT,TRUE
2024-03-20,2,12,3,1,2024,FALSE,1.1962,FALSE,SIMULATED_REEM_V2,DEVELOPMENT,TRUE
2024-03-21,3,12,3,1,2024,FALSE,1.1969,FALSE,SIMULATED_REEM_V2,DEVELOPMENT,TRUE
2024-03-22,4,12,3,1,2024,FALSE,1.1974,FALSE,SIMULATED_REEM_V2,DEVELOPMENT,TRUE
2024-03-23,5,12,3,1,2024,TRUE,1.198,FALSE,SIMULATED_REEM_V2,DEVELOPMENT,TRUE
2024-03-24,6,12,3,1,2024,TRUE,1.1984,FALSE,SIMULATED_REEM_V2,DEVELOPMENT,TRUE
2024-03-25,0,13,3,1,2024,FALSE,1.1988,FALSE,SIMULATED_REEM_V2,DEVELOPMENT,TRUE
2024-03-26,1,13,3,1,2024,FALSE,1.1992,FALSE,SIMULATED_REEM_V2,DEVELOPMENT,TRUE
2024-03-27,2,13,3,1,2024,FALSE,1.1994,FALSE,SIMULATED_REEM_V2,DEVELOPMENT,TRUE
2024-03-28,3,13,3,1,2024,FALSE,1.1997,FALSE,SIMULATED_REEM_V2,DEVELOPMENT,TRUE
2024-03-29,4,13,3,1,2024,FALSE,1.1998,FALSE,SIMULATED_REEM_V2,DEVELOPMENT,TRUE
2024-03-30,5,13,3,1,2024,TRUE,1.1999,FALSE,SIMULATED_REEM_V2,DEVELOPMENT,TRUE
2024-03-31,6,13,3,1,2024,TRUE,1.2,FALSE,SIMULATED_REEM_V2,DEVELOPMENT,TRUE
2024-04-01,0,14,4,2,2024,FALSE,1.2,FALSE,SIMULATED_REEM_V2,DEVELOPMENT,TRUE
2024-04-02,1,14,4,2,2024,FALSE,1.1999,FALSE,SIMULATED_REEM_V2,DEVELOPMENT,TRUE
2024-04-03,2,14,4,2,2024,FALSE,1.1998,FALSE,SIMULATED_REEM_V2,DEVELOPMENT,TRUE
2024-04-04,3,14,4,2,2024,FALSE,1.1996,FALSE,SIMULATED_REEM_V2,DEVELOPMENT,TRUE
2024-04-05,4,14,4,2,2024,FALSE,1.1994,FALSE,SIMULATED_REEM_V2,DEVELOPMENT,TRUE
2024-04-06,5,14,4,2,2024,TRUE,1.199,FALSE,SIMULATED_REEM_V2,DEVELOPMENT,TRUE
2024-04-07,6,14,4,2,2024,TRUE,1.1987,FALSE,SIMULATED_REEM_V2,DEVELOPMENT,TRUE
2024-04-08,0,15,4,2,2024,FALSE,1.1983,FALSE,SIMULATED_REEM_V2,DEVELOPMENT,TRUE
2024-04-09,1,15,4,2,2024,FALSE,1.1978,FALSE,SIMULATED_REEM_V2,DEVELOPMENT,TRUE
2024-04-10,2,15,4,2,2024,FALSE,1.1972,FALSE,SIMULATED_REEM_V2,DEVELOPMENT,TRUE
2024-04-11,3,15,4,2,2024,FALSE,1.1966,FALSE,SIMULATED_REEM_V2,DEVELOPMENT,TRUE
2024-04-12,4,15,4,2,2024,FALSE,1.196,FALSE,SIMULATED_REEM_V2,DEVELOPMENT,TRUE
2024-04-13,5,15,4,2,2024,TRUE,1.1953,FALSE,SIMULATED_REEM_V2,DEVELOPMENT,TRUE
2024-04-14,6,15,4,2,2024,TRUE,1.1945,FALSE,SIMULATED_REEM_V2,DEVELOPMENT,TRUE
2024-04-15,0,16,4,2,2024,FALSE,1.1937,FALSE,SIMULATED_REEM_V2,DEVELOPMENT,TRUE
2024-04-16,1,16,4,2,2024,FALSE,1.1928,FALSE,SIMULATED_REEM_V2,DEVELOPMENT,TRUE
2024-04-17,2,16,4,2,2024,FALSE,1.1918,FALSE,SIMULATED_REEM_V2,DEVELOPMENT,TRUE
2024-04-18,3,16,4,2,2024,FALSE,1.1908,FALSE,SIMULATED_REEM_V2,DEVELOPMENT,TRUE
2024-04-19,4,16,4,2,2024,FALSE,1.1898,FALSE,SIMULATED_REEM_V2,DEVELOPMENT,TRUE
2024-04-20,5,16,4,2,2024,TRUE,1.1886,FALSE,SIMULATED_REEM_V2,DEVELOPMENT,TRUE
2024-04-21,6,16,4,2,2024,TRUE,1.1875,FALSE,SIMULATED_REEM_V2,DEVELOPMENT,TRUE
2024-04-22,0,17,4,2,2024,FALSE,1.1862,FALSE,SIMULATED_REEM_V2,DEVELOPMENT,TRUE
2024-04-23,1,17,4,2,2024,FALSE,1.185,FALSE,SIMULATED_REEM_V2,DEVELOPMENT,TRUE
2024-04-24,2,17,4,2,2024,FALSE,1.1836,FALSE,SIMULATED_REEM_V2,DEVELOPMENT,TRUE
2024-04-25,3,17,4,2,2024,FALSE,1.1822,FALSE,SIMULATED_REEM_V2,DEVELOPMENT,TRUE
2024-04-26,4,17,4,2,2024,FALSE,1.1808,FALSE,SIMULATED_REEM_V2,DEVELOPMENT,TRUE
2024-04-27,5,17,4,2,2024,TRUE,1.1793,FALSE,SIMULATED_REEM_V2,DEVELOPMENT,TRUE
2024-04-28,6,17,4,2,2024,TRUE,1.1777,FALSE,SIMULATED_REEM_V2,DEVELOPMENT,TRUE
2024-04-29,0,18,4,2,2024,FALSE,1.1761,FALSE,SIMULATED_REEM_V2,DEVELOPMENT,TRUE
2024-04-30,1,18,4,2,2024,FALSE,1.1745,FALSE,SIMULATED_REEM_V2,DEVELOPMENT,TRUE
2024-05-01,2,18,5,2,2024,FALSE,1.1728,TRUE,SIMULATED_REEM_V2,DEVELOPMENT,TRUE
2024-05-02,3,18,5,2,2024,FALSE,1.171,FALSE,SIMULATED_REEM_V2,DEVELOPMENT,TRUE
2024-05-03,4,18,5,2,2024,FALSE,1.1692,FALSE,SIMULATED_REEM_V2,DEVELOPMENT,TRUE
2024-05-04,5,18,5,2,2024,TRUE,1.1673,FALSE,SIMULATED_REEM_V2,DEVELOPMENT,TRUE
2024-05-05,6,18,5,2,2024,TRUE,1.1654,FALSE,SIMULATED_REEM_V2,DEVELOPMENT,TRUE
2024-05-06,0,19,5,2,2024,FALSE,1.1635,FALSE,SIMULATED_REEM_V2,DEVELOPMENT,TRUE
2024-05-07,1,19,5,2,2024,FALSE,1.1615,FALSE,SIMULATED_REEM_V2,DEVELOPMENT,TRUE
2024-05-08,2,19,5,2,2024,FALSE,1.1594,FALSE,SIMULATED_REEM_V2,DEVELOPMENT,TRUE
2024-05-09,3,19,5,2,2024,FALSE,1.1573,FALSE,SIMULATED_REEM_V2,DEVELOPMENT,TRUE
2024-05-10,4,19,5,2,2024,FALSE,1.1552,FALSE,SIMULATED_REEM_V2,DEVELOPMENT,TRUE
2024-05-11,5,19,5,2,2024,TRUE,1.153,FALSE,SIMULATED_REEM_V2,DEVELOPMENT,TRUE
2024-05-12,6,19,5,2,2024,TRUE,1.1507,FALSE,SIMULATED_REEM_V2,DEVELOPMENT,TRUE
2024-05-13,0,20,5,2,2024,FALSE,1.1485,FALSE,SIMULATED_REEM_V2,DEVELOPMENT,TRUE
2024-05-14,1,20,5,2,2024,FALSE,1.1461,FALSE,SIMULATED_REEM_V2,DEVELOPMENT,TRUE
2024-05-15,2,20,5,2,2024,FALSE,1.1438,FALSE,SIMULATED_REEM_V2,DEVELOPMENT,TRUE
2024-05-16,3,20,5,2,2024,FALSE,1.1413,FALSE,SIMULATED_REEM_V2,DEVELOPMENT,TRUE
2024-05-17,4,20,5,2,2024,FALSE,1.1389,FALSE,SIMULATED_REEM_V2,DEVELOPMENT,TRUE
2024-05-18,5,20,5,2,2024,TRUE,1.1364,FALSE,SIMULATED_REEM_V2,DEVELOPMENT,TRUE
2024-05-19,6,20,5,2,2024,TRUE,1.1339,FALSE,SIMULATED_REEM_V2,DEVELOPMENT,TRUE
2024-05-20,0,21,5,2,2024,FALSE,1.1313,FALSE,SIMULATED_REEM_V2,DEVELOPMENT,TRUE
2024-05-21,1,21,5,2,2024,FALSE,1.1287,FALSE,SIMULATED_REEM_V2,DEVELOPMENT,TRUE
2024-05-22,2,21,5,2,2024,FALSE,1.126,FALSE,SIMULATED_REEM_V2,DEVELOPMENT,TRUE
2024-05-23,3,21,5,2,2024,FALSE,1.1233,FALSE,SIMULATED_REEM_V2,DEVELOPMENT,TRUE
2024-05-24,4,21,5,2,2024,FALSE,1.1206,FALSE,SIMULATED_REEM_V2,DEVELOPMENT,TRUE
2024-05-25,5,21,5,2,2024,TRUE,1.1178,FALSE,SIMULATED_REEM_V2,DEVELOPMENT,TRUE
2024-05-26,6,21,5,2,2024,TRUE,1.115,FALSE,SIMULATED_REEM_V2,DEVELOPMENT,TRUE
2024-05-27,0,22,5,2,2024,FALSE,1.1122,FALSE,SIMULATED_REEM_V2,DEVELOPMENT,TRUE
2024-05-28,1,22,5,2,2024,FALSE,1.1093,FALSE,SIMULATED_REEM_V2,DEVELOPMENT,TRUE
2024-05-29,2,22,5,2,2024,FALSE,1.1064,FALSE,SIMULATED_REEM_V2,DEVELOPMENT,TRUE
2024-05-30,3,22,5,2,2024,FALSE,1.1035,FALSE,SIMULATED_REEM_V2,DEVELOPMENT,TRUE
2024-05-31,4,22,5,2,2024,FALSE,1.1006,FALSE,SIMULATED_REEM_V2,DEVELOPMENT,TRUE
2024-06-01,5,22,6,2,2024,TRUE,1.0976,FALSE,SIMULATED_REEM_V2,DEVELOPMENT,TRUE
2024-06-02,6,22,6,2,2024,TRUE,1.0946,FALSE,SIMULATED_REEM_V2,DEVELOPMENT,TRUE
2024-06-03,0,23,6,2,2024,FALSE,1.0915,FALSE,SIMULATED_REEM_V2,DEVELOPMENT,TRUE
2024-06-04,1,23,6,2,2024,FALSE,1.0884,FALSE,SIMULATED_REEM_V2,DEVELOPMENT,TRUE
2024-06-05,2,23,6,2,2024,FALSE,1.0853,FALSE,SIMULATED_REEM_V2,DEVELOPMENT,TRUE
2024-06-06,3,23,6,2,2024,FALSE,1.0822,FALSE,SIMULATED_REEM_V2,DEVELOPMENT,TRUE
2024-06-07,4,23,6,2,2024,FALSE,1.0791,FALSE,SIMULATED_REEM_V2,DEVELOPMENT,TRUE
2024-06-08,5,23,6,2,2024,TRUE,1.0759,FALSE,SIMULATED_REEM_V2,DEVELOPMENT,TRUE
2024-06-09,6,23,6,2,2024,TRUE,1.0727,FALSE,SIMULATED_REEM_V2,DEVELOPMENT,TRUE
2024-06-10,0,24,6,2,2024,FALSE,1.0695,FALSE,SIMULATED_REEM_V2,DEVELOPMENT,TRUE
2024-06-11,1,24,6,2,2024,FALSE,1.0662,FALSE,SIMULATED_REEM_V2,DEVELOPMENT,TRUE
2024-06-12,2,24,6,2,2024,FALSE,1.063,FALSE,SIMULATED_REEM_V2,DEVELOPMENT,TRUE
2024-06-13,3,24,6,2,2024,FALSE,1.0597,FALSE,SIMULATED_REEM_V2,DEVELOPMENT,TRUE
2024-06-14,4,24,6,2,2024,FALSE,1.0564,FALSE,SIMULATED_REEM_V2,DEVELOPMENT,TRUE
2024-06-15,5,24,6,2,2024,TRUE,1.0531,FALSE,SIMULATED_REEM_V2,DEVELOPMENT,TRUE
2024-06-16,6,24,6,2,2024,TRUE,1.0498,FALSE,SIMULATED_REEM_V2,DEVELOPMENT,TRUE
2024-06-17,0,25,6,2,2024,FALSE,1.0464,FALSE,SIMULATED_REEM_V2,DEVELOPMENT,TRUE
2024-06-18,1,25,6,2,2024,FALSE,1.0431,FALSE,SIMULATED_REEM_V2,DEVELOPMENT,TRUE
2024-06-19,2,25,6,2,2024,FALSE,1.0397,FALSE,SIMULATED_REEM_V2,DEVELOPMENT,TRUE
2024-06-20,3,25,6,2,2024,FALSE,1.0364,FALSE,SIMULATED_REEM_V2,DEVELOPMENT,TRUE
2024-06-21,4,25,6,2,2024,FALSE,1.033,FALSE,SIMULATED_REEM_V2,DEVELOPMENT,TRUE
2024-06-22,5,25,6,2,2024,TRUE,1.0296,FALSE,SIMULATED_REEM_V2,DEVELOPMENT,TRUE
2024-06-23,6,25,6,2,2024,TRUE,1.0262,FALSE,SIMULATED_REEM_V2,DEVELOPMENT,TRUE
2024-06-24,0,26,6,2,2024,FALSE,1.0227,FALSE,SIMULATED_REEM_V2,DEVELOPMENT,TRUE
2024-06-25,1,26,6,2,2024,FALSE,1.0193,FALSE,SIMULATED_REEM_V2,DEVELOPMENT,TRUE
2024-06-26,2,26,6,2,2024,FALSE,1.0159,FALSE,SIMULATED_REEM_V2,DEVELOPMENT,TRUE
2024-06-27,3,26,6,2,2024,FALSE,1.0125,FALSE,SIMULATED_REEM_V2,DEVELOPMENT,TRUE
2024-06-28,4,26,6,2,2024,FALSE,1.009,FALSE,SIMULATED_REEM_V2,DEVELOPMENT,TRUE
2024-06-29,5,26,6,2,2024,TRUE,1.0056,FALSE,SIMULATED_REEM_V2,DEVELOPMENT,TRUE
2024-06-30,6,26,6,2,2024,TRUE,1.0022,FALSE,SIMULATED_REEM_V2,DEVELOPMENT,TRUE
2024-07-01,0,27,7,3,2024,FALSE,0.9987,FALSE,SIMULATED_REEM_V2,DEVELOPMENT,TRUE
2024-07-02,1,27,7,3,2024,FALSE,0.9953,FALSE,SIMULATED_REEM_V2,DEVELOPMENT,TRUE
2024-07-03,2,27,7,3,2024,FALSE,0.9918,FALSE,SIMULATED_REEM_V2,DEVELOPMENT,TRUE
2024-07-04,3,27,7,3,2024,FALSE,0.9884,FALSE,SIMULATED_REEM_V2,DEVELOPMENT,TRUE
2024-07-05,4,27,7,3,2024,FALSE,0.985,FALSE,SIMULATED_REEM_V2,DEVELOPMENT,TRUE
2024-07-06,5,27,7,3,2024,TRUE,0.9815,FALSE,SIMULATED_REEM_V2,DEVELOPMENT,TRUE
2024-07-07,6,27,7,3,2024,TRUE,0.9781,FALSE,SIMULATED_REEM_V2,DEVELOPMENT,TRUE
2024-07-08,0,28,7,3,2024,FALSE,0.9747,FALSE,SIMULATED_REEM_V2,DEVELOPMENT,TRUE
2024-07-09,1,28,7,3,2024,FALSE,0.9713,FALSE,SIMULATED_REEM_V2,DEVELOPMENT,TRUE
2024-07-10,2,28,7,3,2024,FALSE,0.9679,FALSE,SIMULATED_REEM_V2,DEVELOPMENT,TRUE
2024-07-11,3,28,7,3,2024,FALSE,0.9645,FALSE,SIMULATED_REEM_V2,DEVELOPMENT,TRUE
2024-07-12,4,28,7,3,2024,FALSE,0.9611,FALSE,SIMULATED_REEM_V2,DEVELOPMENT,TRUE
2024-07-13,5,28,7,3,2024,TRUE,0.9577,FALSE,SIMULATED_REEM_V2,DEVELOPMENT,TRUE
2024-07-14,6,28,7,3,2024,TRUE,0.9544,FALSE,SIMULATED_REEM_V2,DEVELOPMENT,TRUE
2024-07-15,0,29,7,3,2024,FALSE,0.951,FALSE,SIMULATED_REEM_V2,DEVELOPMENT,TRUE
2024-07-16,1,29,7,3,2024,FALSE,0.9477,FALSE,SIMULATED_REEM_V2,DEVELOPMENT,TRUE
2024-07-17,2,29,7,3,2024,FALSE,0.9444,FALSE,SIMULATED_REEM_V2,DEVELOPMENT,TRUE
2024-07-18,3,29,7,3,2024,FALSE,0.9411,FALSE,SIMULATED_REEM_V2,DEVELOPMENT,TRUE
2024-07-19,4,29,7,3,2024,FALSE,0.9378,FALSE,SIMULATED_REEM_V2,DEVELOPMENT,TRUE
2024-07-20,5,29,7,3,2024,TRUE,0.9346,FALSE,SIMULATED_REEM_V2,DEVELOPMENT,TRUE
2024-07-21,6,29,7,3,2024,TRUE,0.9313,FALSE,SIMULATED_REEM_V2,DEVELOPMENT,TRUE
2024-07-22,0,30,7,3,2024,FALSE,0.9281,FALSE,SIMULATED_REEM_V2,DEVELOPMENT,TRUE
2024-07-23,1,30,7,3,2024,FALSE,0.9249,FALSE,SIMULATED_REEM_V2,DEVELOPMENT,TRUE
2024-07-24,2,30,7,3,2024,FALSE,0.9217,FALSE,SIMULATED_REEM_V2,DEVELOPMENT,TRUE
2024-07-25,3,30,7,3,2024,FALSE,0.9186,FALSE,SIMULATED_REEM_V2,DEVELOPMENT,TRUE
2024-07-26,4,30,7,3,2024,FALSE,0.9154,FALSE,SIMULATED_REEM_V2,DEVELOPMENT,TRUE
2024-07-27,5,30,7,3,2024,TRUE,0.9123,FALSE,SIMULATED_REEM_V2,DEVELOPMENT,TRUE
2024-07-28,6,30,7,3,2024,TRUE,0.9093,FALSE,SIMULATED_REEM_V2,DEVELOPMENT,TRUE
2024-07-29,0,31,7,3,2024,FALSE,0.9062,FALSE,SIMULATED_REEM_V2,DEVELOPMENT,TRUE
2024-07-30,1,31,7,3,2024,FALSE,0.9032,FALSE,SIMULATED_REEM_V2,DEVELOPMENT,TRUE
2024-07-31,2,31,7,3,2024,FALSE,0.9002,FALSE,SIMULATED_REEM_V2,DEVELOPMENT,TRUE
2024-08-01,3,31,8,3,2024,FALSE,0.8972,FALSE,SIMULATED_REEM_V2,DEVELOPMENT,TRUE
2024-08-02,4,31,8,3,2024,FALSE,0.8943,FALSE,SIMULATED_REEM_V2,DEVELOPMENT,TRUE
2024-08-03,5,31,8,3,2024,TRUE,0.8914,FALSE,SIMULATED_REEM_V2,DEVELOPMENT,TRUE
2024-08-04,6,31,8,3,2024,TRUE,0.8885,FALSE,SIMULATED_REEM_V2,DEVELOPMENT,TRUE
2024-08-05,0,32,8,3,2024,FALSE,0.8857,FALSE,SIMULATED_REEM_V2,DEVELOPMENT,TRUE
2024-08-06,1,32,8,3,2024,FALSE,0.8829,FALSE,SIMULATED_REEM_V2,DEVELOPMENT,TRUE
2024-08-07,2,32,8,3,2024,FALSE,0.8801,FALSE,SIMULATED_REEM_V2,DEVELOPMENT,TRUE
2024-08-08,3,32,8,3,2024,FALSE,0.8774,FALSE,SIMULATED_REEM_V2,DEVELOPMENT,TRUE
2024-08-09,4,32,8,3,2024,FALSE,0.8747,FALSE,SIMULATED_REEM_V2,DEVELOPMENT,TRUE
2024-08-10,5,32,8,3,2024,TRUE,0.872,FALSE,SIMULATED_REEM_V2,DEVELOPMENT,TRUE
2024-08-11,6,32,8,3,2024,TRUE,0.8694,FALSE,SIMULATED_REEM_V2,DEVELOPMENT,TRUE
2024-08-12,0,33,8,3,2024,FALSE,0.8668,FALSE,SIMULATED_REEM_V2,DEVELOPMENT,TRUE
2024-08-13,1,33,8,3,2024,FALSE,0.8642,FALSE,SIMULATED_REEM_V2,DEVELOPMENT,TRUE
2024-08-14,2,33,8,3,2024,FALSE,0.8617,FALSE,SIMULATED_REEM_V2,DEVELOPMENT,TRUE
2024-08-15,3,33,8,3,2024,FALSE,0.8593,FALSE,SIMULATED_REEM_V2,DEVELOPMENT,TRUE
2024-08-16,4,33,8,3,2024,FALSE,0.8568,FALSE,SIMULATED_REEM_V2,DEVELOPMENT,TRUE
2024-08-17,5,33,8,3,2024,TRUE,0.8545,FALSE,SIMULATED_REEM_V2,DEVELOPMENT,TRUE
2024-08-18,6,33,8,3,2024,TRUE,0.8521,FALSE,SIMULATED_REEM_V2,DEVELOPMENT,TRUE
2024-08-19,0,34,8,3,2024,FALSE,0.8498,FALSE,SIMULATED_REEM_V2,DEVELOPMENT,TRUE
2024-08-20,1,34,8,3,2024,FALSE,0.8476,FALSE,SIMULATED_REEM_V2,DEVELOPMENT,TRUE
2024-08-21,2,34,8,3,2024,FALSE,0.8454,FALSE,SIMULATED_REEM_V2,DEVELOPMENT,TRUE
2024-08-22,3,34,8,3,2024,FALSE,0.8432,FALSE,SIMULATED_REEM_V2,DEVELOPMENT,TRUE
2024-08-23,4,34,8,3,2024,FALSE,0.8411,FALSE,SIMULATED_REEM_V2,DEVELOPMENT,TRUE
2024-08-24,5,34,8,3,2024,TRUE,0.839,FALSE,SIMULATED_REEM_V2,DEVELOPMENT,TRUE
2024-08-25,6,34,8,3,2024,TRUE,0.837,FALSE,SIMULATED_REEM_V2,DEVELOPMENT,TRUE
2024-08-26,0,35,8,3,2024,FALSE,0.835,FALSE,SIMULATED_REEM_V2,DEVELOPMENT,TRUE
2024-08-27,1,35,8,3,2024,FALSE,0.8331,FALSE,SIMULATED_REEM_V2,DEVELOPMENT,TRUE
2024-08-28,2,35,8,3,2024,FALSE,0.8313,FALSE,SIMULATED_REEM_V2,DEVELOPMENT,TRUE
2024-08-29,3,35,8,3,2024,FALSE,0.8294,FALSE,SIMULATED_REEM_V2,DEVELOPMENT,TRUE
2024-08-30,4,35,8,3,2024,FALSE,0.8277,FALSE,SIMULATED_REEM_V2,DEVELOPMENT,TRUE
2024-08-31,5,35,8,3,2024,TRUE,0.8259,FALSE,SIMULATED_REEM_V2,DEVELOPMENT,TRUE
2024-09-01,6,35,9,3,2024,TRUE,0.8243,FALSE,SIMULATED_REEM_V2,DEVELOPMENT,TRUE
2024-09-02,0,36,9,3,2024,FALSE,0.8227,FALSE,SIMULATED_REEM_V2,DEVELOPMENT,TRUE
2024-09-03,1,36,9,3,2024,FALSE,0.8211,FALSE,SIMULATED_REEM_V2,DEVELOPMENT,TRUE
2024-09-04,2,36,9,3,2024,FALSE,0.8196,FALSE,SIMULATED_REEM_V2,DEVELOPMENT,TRUE
2024-09-05,3,36,9,3,2024,FALSE,0.8181,FALSE,SIMULATED_REEM_V2,DEVELOPMENT,TRUE
2024-09-06,4,36,9,3,2024,FALSE,0.8167,FALSE,SIMULATED_REEM_V2,DEVELOPMENT,TRUE
2024-09-07,5,36,9,3,2024,TRUE,0.8154,FALSE,SIMULATED_REEM_V2,DEVELOPMENT,TRUE
2024-09-08,6,36,9,3,2024,TRUE,0.8141,FALSE,SIMULATED_REEM_V2,DEVELOPMENT,TRUE
2024-09-09,0,37,9,3,2024,FALSE,0.8128,FALSE,SIMULATED_REEM_V2,DEVELOPMENT,TRUE
2024-09-10,1,37,9,3,2024,FALSE,0.8116,FALSE,SIMULATED_REEM_V2,DEVELOPMENT,TRUE
2024-09-11,2,37,9,3,2024,FALSE,0.8105,FALSE,SIMULATED_REEM_V2,DEVELOPMENT,TRUE
2024-09-12,3,37,9,3,2024,FALSE,0.8094,FALSE,SIMULATED_REEM_V2,DEVELOPMENT,TRUE
2024-09-13,4,37,9,3,2024,FALSE,0.8084,FALSE,SIMULATED_REEM_V2,DEVELOPMENT,TRUE
2024-09-14,5,37,9,3,2024,TRUE,0.8075,FALSE,SIMULATED_REEM_V2,DEVELOPMENT,TRUE
2024-09-15,6,37,9,3,2024,TRUE,0.8066,FALSE,SIMULATED_REEM_V2,DEVELOPMENT,TRUE
2024-09-16,0,38,9,3,2024,FALSE,0.8057,FALSE,SIMULATED_REEM_V2,DEVELOPMENT,TRUE
2024-09-17,1,38,9,3,2024,FALSE,0.8049,FALSE,SIMULATED_REEM_V2,DEVELOPMENT,TRUE
2024-09-18,2,38,9,3,2024,FALSE,0.8042,FALSE,SIMULATED_REEM_V2,DEVELOPMENT,TRUE
2024-09-19,3,38,9,3,2024,FALSE,0.8035,FALSE,SIMULATED_REEM_V2,DEVELOPMENT,TRUE
2024-09-20,4,38,9,3,2024,FALSE,0.8029,FALSE,SIMULATED_REEM_V2,DEVELOPMENT,TRUE
2024-09-21,5,38,9,3,2024,TRUE,0.8024,FALSE,SIMULATED_REEM_V2,DEVELOPMENT,TRUE
2024-09-22,6,38,9,3,2024,TRUE,0.8019,FALSE,SIMULATED_REEM_V2,DEVELOPMENT,TRUE
2024-09-23,0,39,9,3,2024,FALSE,0.8014,FALSE,SIMULATED_REEM_V2,DEVELOPMENT,TRUE
2024-09-24,1,39,9,3,2024,FALSE,0.801,FALSE,SIMULATED_REEM_V2,DEVELOPMENT,TRUE
2024-09-25,2,39,9,3,2024,FALSE,0.8007,FALSE,SIMULATED_REEM_V2,DEVELOPMENT,TRUE
2024-09-26,3,39,9,3,2024,FALSE,0.8005,FALSE,SIMULATED_REEM_V2,DEVELOPMENT,TRUE
2024-09-27,4,39,9,3,2024,FALSE,0.8003,FALSE,SIMULATED_REEM_V2,DEVELOPMENT,TRUE
2024-09-28,5,39,9,3,2024,TRUE,0.8001,FALSE,SIMULATED_REEM_V2,DEVELOPMENT,TRUE
2024-09-29,6,39,9,3,2024,TRUE,0.8,FALSE,SIMULATED_REEM_V2,DEVELOPMENT,TRUE
2024-09-30,0,40,9,3,2024,FALSE,0.8,FALSE,SIMULATED_REEM_V2,DEVELOPMENT,TRUE
2024-10-01,1,40,10,4,2024,FALSE,0.8,FALSE,SIMULATED_REEM_V2,DEVELOPMENT,TRUE
2024-10-02,2,40,10,4,2024,FALSE,0.8001,FALSE,SIMULATED_REEM_V2,DEVELOPMENT,TRUE
2024-10-03,3,40,10,4,2024,FALSE,0.8003,FALSE,SIMULATED_REEM_V2,DEVELOPMENT,TRUE
2024-10-04,4,40,10,4,2024,FALSE,0.8005,FALSE,SIMULATED_REEM_V2,DEVELOPMENT,TRUE
2024-10-05,5,40,10,4,2024,TRUE,0.8008,FALSE,SIMULATED_REEM_V2,DEVELOPMENT,TRUE
2024-10-06,6,40,10,4,2024,TRUE,0.8011,FALSE,SIMULATED_REEM_V2,DEVELOPMENT,TRUE
2024-10-07,0,41,10,4,2024,FALSE,0.8015,FALSE,SIMULATED_REEM_V2,DEVELOPMENT,TRUE
2024-10-08,1,41,10,4,2024,FALSE,0.8019,FALSE,SIMULATED_REEM_V2,DEVELOPMENT,TRUE
2024-10-09,2,41,10,4,2024,FALSE,0.8024,FALSE,SIMULATED_REEM_V2,DEVELOPMENT,TRUE
2024-10-10,3,41,10,4,2024,FALSE,0.803,FALSE,SIMULATED_REEM_V2,DEVELOPMENT,TRUE
2024-10-11,4,41,10,4,2024,FALSE,0.8036,FALSE,SIMULATED_REEM_V2,DEVELOPMENT,TRUE
2024-10-12,5,41,10,4,2024,TRUE,0.8043,FALSE,SIMULATED_REEM_V2,DEVELOPMENT,TRUE
2024-10-13,6,41,10,4,2024,TRUE,0.805,FALSE,SIMULATED_REEM_V2,DEVELOPMENT,TRUE
2024-10-14,0,42,10,4,2024,FALSE,0.8058,FALSE,SIMULATED_REEM_V2,DEVELOPMENT,TRUE
2024-10-15,1,42,10,4,2024,FALSE,0.8067,FALSE,SIMULATED_REEM_V2,DEVELOPMENT,TRUE
2024-10-16,2,42,10,4,2024,FALSE,0.8076,FALSE,SIMULATED_REEM_V2,DEVELOPMENT,TRUE
2024-10-17,3,42,10,4,2024,FALSE,0.8086,FALSE,SIMULATED_REEM_V2,DEVELOPMENT,TRUE
2024-10-18,4,42,10,4,2024,FALSE,0.8096,FALSE,SIMULATED_REEM_V2,DEVELOPMENT,TRUE
2024-10-19,5,42,10,4,2024,TRUE,0.8107,FALSE,SIMULATED_REEM_V2,DEVELOPMENT,TRUE
2024-10-20,6,42,10,4,2024,TRUE,0.8118,FALSE,SIMULATED_REEM_V2,DEVELOPMENT,TRUE
2024-10-21,0,43,10,4,2024,FALSE,0.813,FALSE,SIMULATED_REEM_V2,DEVELOPMENT,TRUE
2024-10-22,1,43,10,4,2024,FALSE,0.8142,FALSE,SIMULATED_REEM_V2,DEVELOPMENT,TRUE
2024-10-23,2,43,10,4,2024,FALSE,0.8155,FALSE,SIMULATED_REEM_V2,DEVELOPMENT,TRUE
2024-10-24,3,43,10,4,2024,FALSE,0.8169,FALSE,SIMULATED_REEM_V2,DEVELOPMENT,TRUE
2024-10-25,4,43,10,4,2024,FALSE,0.8183,FALSE,SIMULATED_REEM_V2,DEVELOPMENT,TRUE
2024-10-26,5,43,10,4,2024,TRUE,0.8198,FALSE,SIMULATED_REEM_V2,DEVELOPMENT,TRUE
2024-10-27,6,43,10,4,2024,TRUE,0.8213,FALSE,SIMULATED_REEM_V2,DEVELOPMENT,TRUE
2024-10-28,0,44,10,4,2024,FALSE,0.8229,FALSE,SIMULATED_REEM_V2,DEVELOPMENT,TRUE
2024-10-29,1,44,10,4,2024,FALSE,0.8245,FALSE,SIMULATED_REEM_V2,DEVELOPMENT,TRUE
2024-10-30,2,44,10,4,2024,FALSE,0.8262,FALSE,SIMULATED_REEM_V2,DEVELOPMENT,TRUE
2024-10-31,3,44,10,4,2024,FALSE,0.8279,FALSE,SIMULATED_REEM_V2,DEVELOPMENT,TRUE
2024-11-01,4,44,11,4,2024,FALSE,0.8297,FALSE,SIMULATED_REEM_V2,DEVELOPMENT,TRUE
2024-11-02,5,44,11,4,2024,TRUE,0.8315,FALSE,SIMULATED_REEM_V2,DEVELOPMENT,TRUE
2024-11-03,6,44,11,4,2024,TRUE,0.8334,FALSE,SIMULATED_REEM_V2,DEVELOPMENT,TRUE
2024-11-04,0,45,11,4,2024,FALSE,0.8353,FALSE,SIMULATED_REEM_V2,DEVELOPMENT,TRUE
2024-11-05,1,45,11,4,2024,FALSE,0.8373,FALSE,SIMULATED_REEM_V2,DEVELOPMENT,TRUE
2024-11-06,2,45,11,4,2024,FALSE,0.8393,FALSE,SIMULATED_REEM_V2,DEVELOPMENT,TRUE
2024-11-07,3,45,11,4,2024,FALSE,0.8414,FALSE,SIMULATED_REEM_V2,DEVELOPMENT,TRUE
2024-11-08,4,45,11,4,2024,FALSE,0.8435,FALSE,SIMULATED_REEM_V2,DEVELOPMENT,TRUE
2024-11-09,5,45,11,4,2024,TRUE,0.8456,FALSE,SIMULATED_REEM_V2,DEVELOPMENT,TRUE
2024-11-10,6,45,11,4,2024,TRUE,0.8479,FALSE,SIMULATED_REEM_V2,DEVELOPMENT,TRUE
2024-11-11,0,46,11,4,2024,FALSE,0.8501,FALSE,SIMULATED_REEM_V2,DEVELOPMENT,TRUE
2024-11-12,1,46,11,4,2024,FALSE,0.8524,FALSE,SIMULATED_REEM_V2,DEVELOPMENT,TRUE
2024-11-13,2,46,11,4,2024,FALSE,0.8548,FALSE,SIMULATED_REEM_V2,DEVELOPMENT,TRUE
2024-11-14,3,46,11,4,2024,FALSE,0.8571,FALSE,SIMULATED_REEM_V2,DEVELOPMENT,TRUE
2024-11-15,4,46,11,4,2024,FALSE,0.8596,FALSE,SIMULATED_REEM_V2,DEVELOPMENT,TRUE
2024-11-16,5,46,11,4,2024,TRUE,0.862,FALSE,SIMULATED_REEM_V2,DEVELOPMENT,TRUE
2024-11-17,6,46,11,4,2024,TRUE,0.8646,FALSE,SIMULATED_REEM_V2,DEVELOPMENT,TRUE
2024-11-18,0,47,11,4,2024,FALSE,0.8671,FALSE,SIMULATED_REEM_V2,DEVELOPMENT,TRUE
2024-11-19,1,47,11,4,2024,FALSE,0.8697,FALSE,SIMULATED_REEM_V2,DEVELOPMENT,TRUE
2024-11-20,2,47,11,4,2024,FALSE,0.8723,FALSE,SIMULATED_REEM_V2,DEVELOPMENT,TRUE
2024-11-21,3,47,11,4,2024,FALSE,0.875,FALSE,SIMULATED_REEM_V2,DEVELOPMENT,TRUE
2024-11-22,4,47,11,4,2024,FALSE,0.8777,FALSE,SIMULATED_REEM_V2,DEVELOPMENT,TRUE
2024-11-23,5,47,11,4,2024,TRUE,0.8804,FALSE,SIMULATED_REEM_V2,DEVELOPMENT,TRUE
2024-11-24,6,47,11,4,2024,TRUE,0.8832,FALSE,SIMULATED_REEM_V2,DEVELOPMENT,TRUE
2024-11-25,0,48,11,4,2024,FALSE,0.886,FALSE,SIMULATED_REEM_V2,DEVELOPMENT,TRUE
2024-11-26,1,48,11,4,2024,FALSE,0.8889,FALSE,SIMULATED_REEM_V2,DEVELOPMENT,TRUE
2024-11-27,2,48,11,4,2024,FALSE,0.8917,FALSE,SIMULATED_REEM_V2,DEVELOPMENT,TRUE
2024-11-28,3,48,11,4,2024,FALSE,0.8946,FALSE,SIMULATED_REEM_V2,DEVELOPMENT,TRUE
2024-11-29,4,48,11,4,2024,FALSE,0.8976,FALSE,SIMULATED_REEM_V2,DEVELOPMENT,TRUE
2024-11-30,5,48,11,4,2024,TRUE,0.9006,FALSE,SIMULATED_REEM_V2,DEVELOPMENT,TRUE
2024-12-01,6,48,12,4,2024,TRUE,0.9036,FALSE,SIMULATED_REEM_V2,DEVELOPMENT,TRUE
2024-12-02,0,49,12,4,2024,FALSE,0.9066,FALSE,SIMULATED_REEM_V2,DEVELOPMENT,TRUE
2024-12-03,1,49,12,4,2024,FALSE,0.9096,FALSE,SIMULATED_REEM_V2,DEVELOPMENT,TRUE
2024-12-04,2,49,12,4,2024,FALSE,0.9127,FALSE,SIMULATED_REEM_V2,DEVELOPMENT,TRUE
2024-12-05,3,49,12,4,2024,FALSE,0.9158,FALSE,SIMULATED_REEM_V2,DEVELOPMENT,TRUE
2024-12-06,4,49,12,4,2024,FALSE,0.919,FALSE,SIMULATED_REEM_V2,DEVELOPMENT,TRUE
2024-12-07,5,49,12,4,2024,TRUE,0.9221,FALSE,SIMULATED_REEM_V2,DEVELOPMENT,TRUE
2024-12-08,6,49,12,4,2024,TRUE,0.9253,FALSE,SIMULATED_REEM_V2,DEVELOPMENT,TRUE
2024-12-09,0,50,12,4,2024,FALSE,0.9285,FALSE,SIMULATED_REEM_V2,DEVELOPMENT,TRUE
2024-12-10,1,50,12,4,2024,FALSE,0.9317,FALSE,SIMULATED_REEM_V2,DEVELOPMENT,TRUE
2024-12-11,2,50,12,4,2024,FALSE,0.935,FALSE,SIMULATED_REEM_V2,DEVELOPMENT,TRUE
2024-12-12,3,50,12,4,2024,FALSE,0.9382,FALSE,SIMULATED_REEM_V2,DEVELOPMENT,TRUE
2024-12-13,4,50,12,4,2024,FALSE,0.9415,FALSE,SIMULATED_REEM_V2,DEVELOPMENT,TRUE
2024-12-14,5,50,12,4,2024,TRUE,0.9448,FALSE,SIMULATED_REEM_V2,DEVELOPMENT,TRUE
2024-12-15,6,50,12,4,2024,TRUE,0.9481,FALSE,SIMULATED_REEM_V2,DEVELOPMENT,TRUE
2024-12-16,0,51,12,4,2024,FALSE,0.9515,FALSE,SIMULATED_REEM_V2,DEVELOPMENT,TRUE
2024-12-17,1,51,12,4,2024,FALSE,0.9548,FALSE,SIMULATED_REEM_V2,DEVELOPMENT,TRUE
2024-12-18,2,51,12,4,2024,FALSE,0.9582,FALSE,SIMULATED_REEM_V2,DEVELOPMENT,TRUE
2024-12-19,3,51,12,4,2024,FALSE,0.9615,FALSE,SIMULATED_REEM_V2,DEVELOPMENT,TRUE
2024-12-20,4,51,12,4,2024,FALSE,0.9649,FALSE,SIMULATED_REEM_V2,DEVELOPMENT,TRUE
2024-12-21,5,51,12,4,2024,TRUE,0.9683,FALSE,SIMULATED_REEM_V2,DEVELOPMENT,TRUE
2024-12-22,6,51,12,4,2024,TRUE,0.9717,FALSE,SIMULATED_REEM_V2,DEVELOPMENT,TRUE
2024-12-23,0,52,12,4,2024,FALSE,0.9751,FALSE,SIMULATED_REEM_V2,DEVELOPMENT,TRUE
2024-12-24,1,52,12,4,2024,FALSE,0.9785,FALSE,SIMULATED_REEM_V2,DEVELOPMENT,TRUE
2024-12-25,2,52,12,4,2024,FALSE,0.982,TRUE,SIMULATED_REEM_V2,DEVELOPMENT,TRUE
2024-12-26,3,52,12,4,2024,FALSE,0.9854,FALSE,SIMULATED_REEM_V2,DEVELOPMENT,TRUE
2024-12-27,4,52,12,4,2024,FALSE,0.9888,FALSE,SIMULATED_REEM_V2,DEVELOPMENT,TRUE
2024-12-28,5,52,12,4,2024,TRUE,0.9923,FALSE,SIMULATED_REEM_V2,DEVELOPMENT,TRUE
2024-12-29,6,52,12,4,2024,TRUE,0.9957,FALSE,SIMULATED_REEM_V2,DEVELOPMENT,TRUE
2024-12-30,0,1,12,4,2024,FALSE,0.9991,FALSE,SIMULATED_REEM_V2,DEVELOPMENT,TRUE
2024-12-31,1,1,12,4,2024,FALSE,1.0026,FALSE,SIMULATED_REEM_V2,DEVELOPMENT,TRUE
2025-01-01,2,1,1,1,2025,FALSE,1.0034,TRUE,SIMULATED_REEM_V2,DEVELOPMENT,TRUE
2025-01-02,3,1,1,1,2025,FALSE,1.0069,FALSE,SIMULATED_REEM_V2,DEVELOPMENT,TRUE
2025-01-03,4,1,1,1,2025,FALSE,1.0103,FALSE,SIMULATED_REEM_V2,DEVELOPMENT,TRUE
2025-01-04,5,1,1,1,2025,TRUE,1.0138,FALSE,SIMULATED_REEM_V2,DEVELOPMENT,TRUE
2025-01-05,6,1,1,1,2025,TRUE,1.0172,FALSE,SIMULATED_REEM_V2,DEVELOPMENT,TRUE
2025-01-06,0,2,1,1,2025,FALSE,1.0206,FALSE,SIMULATED_REEM_V2,DEVELOPMENT,TRUE
2025-01-07,1,2,1,1,2025,FALSE,1.024,FALSE,SIMULATED_REEM_V2,DEVELOPMENT,TRUE
2025-01-08,2,2,1,1,2025,FALSE,1.0274,FALSE,SIMULATED_REEM_V2,DEVELOPMENT,TRUE
2025-01-09,3,2,1,1,2025,FALSE,1.0308,FALSE,SIMULATED_REEM_V2,DEVELOPMENT,TRUE
2025-01-10,4,2,1,1,2025,FALSE,1.0342,FALSE,SIMULATED_REEM_V2,DEVELOPMENT,TRUE
2025-01-11,5,2,1,1,2025,TRUE,1.0376,FALSE,SIMULATED_REEM_V2,DEVELOPMENT,TRUE
2025-01-12,6,2,1,1,2025,TRUE,1.041,FALSE,SIMULATED_REEM_V2,DEVELOPMENT,TRUE
2025-01-13,0,3,1,1,2025,FALSE,1.0444,FALSE,SIMULATED_REEM_V2,DEVELOPMENT,TRUE
2025-01-14,1,3,1,1,2025,FALSE,1.0477,FALSE,SIMULATED_REEM_V2,DEVELOPMENT,TRUE
2025-01-15,2,3,1,1,2025,FALSE,1.051,FALSE,SIMULATED_REEM_V2,DEVELOPMENT,TRUE
2025-01-16,3,3,1,1,2025,FALSE,1.0544,FALSE,SIMULATED_REEM_V2,DEVELOPMENT,TRUE
2025-01-17,4,3,1,1,2025,FALSE,1.0577,FALSE,SIMULATED_REEM_V2,DEVELOPMENT,TRUE
2025-01-18,5,3,1,1,2025,TRUE,1.0609,FALSE,SIMULATED_REEM_V2,DEVELOPMENT,TRUE
2025-01-19,6,3,1,1,2025,TRUE,1.0642,FALSE,SIMULATED_REEM_V2,DEVELOPMENT,TRUE
2025-01-20,0,4,1,1,2025,FALSE,1.0675,FALSE,SIMULATED_REEM_V2,DEVELOPMENT,TRUE
2025-01-21,1,4,1,1,2025,FALSE,1.0707,FALSE,SIMULATED_REEM_V2,DEVELOPMENT,TRUE
2025-01-22,2,4,1,1,2025,FALSE,1.0739,FALSE,SIMULATED_REEM_V2,DEVELOPMENT,TRUE
2025-01-23,3,4,1,1,2025,FALSE,1.0771,FALSE,SIMULATED_REEM_V2,DEVELOPMENT,TRUE
2025-01-24,4,4,1,1,2025,FALSE,1.0802,FALSE,SIMULATED_REEM_V2,DEVELOPMENT,TRUE
2025-01-25,5,4,1,1,2025,TRUE,1.0834,FALSE,SIMULATED_REEM_V2,DEVELOPMENT,TRUE
2025-01-26,6,4,1,1,2025,TRUE,1.0865,FALSE,SIMULATED_REEM_V2,DEVELOPMENT,TRUE
2025-01-27,0,5,1,1,2025,FALSE,1.0896,FALSE,SIMULATED_REEM_V2,DEVELOPMENT,TRUE
2025-01-28,1,5,1,1,2025,FALSE,1.0927,FALSE,SIMULATED_REEM_V2,DEVELOPMENT,TRUE
2025-01-29,2,5,1,1,2025,FALSE,1.0957,FALSE,SIMULATED_REEM_V2,DEVELOPMENT,TRUE
2025-01-30,3,5,1,1,2025,FALSE,1.0987,FALSE,SIMULATED_REEM_V2,DEVELOPMENT,TRUE
2025-01-31,4,5,1,1,2025,FALSE,1.1017,FALSE,SIMULATED_REEM_V2,DEVELOPMENT,TRUE
2025-02-01,5,5,2,1,2025,TRUE,1.1046,FALSE,SIMULATED_REEM_V2,DEVELOPMENT,TRUE
2025-02-02,6,5,2,1,2025,TRUE,1.1075,FALSE,SIMULATED_REEM_V2,DEVELOPMENT,TRUE
2025-02-03,0,6,2,1,2025,FALSE,1.1104,FALSE,SIMULATED_REEM_V2,DEVELOPMENT,TRUE
2025-02-04,1,6,2,1,2025,FALSE,1.1133,FALSE,SIMULATED_REEM_V2,DEVELOPMENT,TRUE
2025-02-05,2,6,2,1,2025,FALSE,1.1161,FALSE,SIMULATED_REEM_V2,DEVELOPMENT,TRUE
2025-02-06,3,6,2,1,2025,FALSE,1.1189,FALSE,SIMULATED_REEM_V2,DEVELOPMENT,TRUE
2025-02-07,4,6,2,1,2025,FALSE,1.1216,FALSE,SIMULATED_REEM_V2,DEVELOPMENT,TRUE
2025-02-08,5,6,2,1,2025,TRUE,1.1243,FALSE,SIMULATED_REEM_V2,DEVELOPMENT,TRUE
2025-02-09,6,6,2,1,2025,TRUE,1.127,FALSE,SIMULATED_REEM_V2,DEVELOPMENT,TRUE
2025-02-10,0,7,2,1,2025,FALSE,1.1297,FALSE,SIMULATED_REEM_V2,DEVELOPMENT,TRUE
2025-02-11,1,7,2,1,2025,FALSE,1.1323,FALSE,SIMULATED_REEM_V2,DEVELOPMENT,TRUE
2025-02-12,2,7,2,1,2025,FALSE,1.1348,FALSE,SIMULATED_REEM_V2,DEVELOPMENT,TRUE
2025-02-13,3,7,2,1,2025,FALSE,1.1373,FALSE,SIMULATED_REEM_V2,DEVELOPMENT,TRUE
2025-02-14,4,7,2,1,2025,FALSE,1.1398,FALSE,SIMULATED_REEM_V2,DEVELOPMENT,TRUE
2025-02-15,5,7,2,1,2025,TRUE,1.1423,FALSE,SIMULATED_REEM_V2,DEVELOPMENT,TRUE
2025-02-16,6,7,2,1,2025,TRUE,1.1447,FALSE,SIMULATED_REEM_V2,DEVELOPMENT,TRUE
2025-02-17,0,8,2,1,2025,FALSE,1.147,FALSE,SIMULATED_REEM_V2,DEVELOPMENT,TRUE
2025-02-18,1,8,2,1,2025,FALSE,1.1493,FALSE,SIMULATED_REEM_V2,DEVELOPMENT,TRUE
2025-02-19,2,8,2,1,2025,FALSE,1.1516,FALSE,SIMULATED_REEM_V2,DEVELOPMENT,TRUE
2025-02-20,3,8,2,1,2025,FALSE,1.1538,FALSE,SIMULATED_REEM_V2,DEVELOPMENT,TRUE
2025-02-21,4,8,2,1,2025,FALSE,1.156,FALSE,SIMULATED_REEM_V2,DEVELOPMENT,TRUE
2025-02-22,5,8,2,1,2025,TRUE,1.1581,FALSE,SIMULATED_REEM_V2,DEVELOPMENT,TRUE
2025-02-23,6,8,2,1,2025,TRUE,1.1602,FALSE,SIMULATED_REEM_V2,DEVELOPMENT,TRUE
2025-02-24,0,9,2,1,2025,FALSE,1.1622,FALSE,SIMULATED_REEM_V2,DEVELOPMENT,TRUE
2025-02-25,1,9,2,1,2025,FALSE,1.1642,FALSE,SIMULATED_REEM_V2,DEVELOPMENT,TRUE
2025-02-26,2,9,2,1,2025,FALSE,1.1662,FALSE,SIMULATED_REEM_V2,DEVELOPMENT,TRUE
2025-02-27,3,9,2,1,2025,FALSE,1.168,FALSE,SIMULATED_REEM_V2,DEVELOPMENT,TRUE
2025-02-28,4,9,2,1,2025,FALSE,1.1699,FALSE,SIMULATED_REEM_V2,DEVELOPMENT,TRUE
2025-03-01,5,9,3,1,2025,TRUE,1.1717,FALSE,SIMULATED_REEM_V2,DEVELOPMENT,TRUE
2025-03-02,6,9,3,1,2025,TRUE,1.1734,FALSE,SIMULATED_REEM_V2,DEVELOPMENT,TRUE
2025-03-03,0,10,3,1,2025,FALSE,1.1751,FALSE,SIMULATED_REEM_V2,DEVELOPMENT,TRUE
2025-03-04,1,10,3,1,2025,FALSE,1.1767,FALSE,SIMULATED_REEM_V2,DEVELOPMENT,TRUE
2025-03-05,2,10,3,1,2025,FALSE,1.1783,FALSE,SIMULATED_REEM_V2,DEVELOPMENT,TRUE
2025-03-06,3,10,3,1,2025,FALSE,1.1799,FALSE,SIMULATED_REEM_V2,DEVELOPMENT,TRUE
2025-03-07,4,10,3,1,2025,FALSE,1.1813,FALSE,SIMULATED_REEM_V2,DEVELOPMENT,TRUE
2025-03-08,5,10,3,1,2025,TRUE,1.1828,FALSE,SIMULATED_REEM_V2,DEVELOPMENT,TRUE
2025-03-09,6,10,3,1,2025,TRUE,1.1841,FALSE,SIMULATED_REEM_V2,DEVELOPMENT,TRUE
2025-03-10,0,11,3,1,2025,FALSE,1.1854,FALSE,SIMULATED_REEM_V2,DEVELOPMENT,TRUE
2025-03-11,1,11,3,1,2025,FALSE,1.1867,FALSE,SIMULATED_REEM_V2,DEVELOPMENT,TRUE
2025-03-12,2,11,3,1,2025,FALSE,1.1879,FALSE,SIMULATED_REEM_V2,DEVELOPMENT,TRUE
2025-03-13,3,11,3,1,2025,FALSE,1.1891,FALSE,SIMULATED_REEM_V2,DEVELOPMENT,TRUE
2025-03-14,4,11,3,1,2025,FALSE,1.1902,FALSE,SIMULATED_REEM_V2,DEVELOPMENT,TRUE
2025-03-15,5,11,3,1,2025,TRUE,1.1912,FALSE,SIMULATED_REEM_V2,DEVELOPMENT,TRUE
2025-03-16,6,11,3,1,2025,TRUE,1.1922,FALSE,SIMULATED_REEM_V2,DEVELOPMENT,TRUE
2025-03-17,0,12,3,1,2025,FALSE,1.1931,FALSE,SIMULATED_REEM_V2,DEVELOPMENT,TRUE
2025-03-18,1,12,3,1,2025,FALSE,1.194,FALSE,SIMULATED_REEM_V2,DEVELOPMENT,TRUE
2025-03-19,2,12,3,1,2025,FALSE,1.1948,FALSE,SIMULATED_REEM_V2,DEVELOPMENT,TRUE
2025-03-20,3,12,3,1,2025,FALSE,1.1955,FALSE,SIMULATED_REEM_V2,DEVELOPMENT,TRUE
2025-03-21,4,12,3,1,2025,FALSE,1.1962,FALSE,SIMULATED_REEM_V2,DEVELOPMENT,TRUE
2025-03-22,5,12,3,1,2025,TRUE,1.1969,FALSE,SIMULATED_REEM_V2,DEVELOPMENT,TRUE
2025-03-23,6,12,3,1,2025,TRUE,1.1974,FALSE,SIMULATED_REEM_V2,DEVELOPMENT,TRUE
2025-03-24,0,13,3,1,2025,FALSE,1.198,FALSE,SIMULATED_REEM_V2,DEVELOPMENT,TRUE
2025-03-25,1,13,3,1,2025,FALSE,1.1984,FALSE,SIMULATED_REEM_V2,DEVELOPMENT,TRUE
2025-03-26,2,13,3,1,2025,FALSE,1.1988,FALSE,SIMULATED_REEM_V2,DEVELOPMENT,TRUE
2025-03-27,3,13,3,1,2025,FALSE,1.1992,FALSE,SIMULATED_REEM_V2,DEVELOPMENT,TRUE
2025-03-28,4,13,3,1,2025,FALSE,1.1994,FALSE,SIMULATED_REEM_V2,DEVELOPMENT,TRUE
2025-03-29,5,13,3,1,2025,TRUE,1.1997,FALSE,SIMULATED_REEM_V2,DEVELOPMENT,TRUE
2025-03-30,6,13,3,1,2025,TRUE,1.1998,FALSE,SIMULATED_REEM_V2,DEVELOPMENT,TRUE
2025-03-31,0,14,3,1,2025,FALSE,1.1999,FALSE,SIMULATED_REEM_V2,DEVELOPMENT,TRUE
2025-04-01,1,14,4,2,2025,FALSE,1.2,FALSE,SIMULATED_REEM_V2,DEVELOPMENT,TRUE
2025-04-02,2,14,4,2,2025,FALSE,1.2,FALSE,SIMULATED_REEM_V2,DEVELOPMENT,TRUE
2025-04-03,3,14,4,2,2025,FALSE,1.1999,FALSE,SIMULATED_REEM_V2,DEVELOPMENT,TRUE
2025-04-04,4,14,4,2,2025,FALSE,1.1998,FALSE,SIMULATED_REEM_V2,DEVELOPMENT,TRUE
2025-04-05,5,14,4,2,2025,TRUE,1.1996,FALSE,SIMULATED_REEM_V2,DEVELOPMENT,TRUE
2025-04-06,6,14,4,2,2025,TRUE,1.1994,FALSE,SIMULATED_REEM_V2,DEVELOPMENT,TRUE
2025-04-07,0,15,4,2,2025,FALSE,1.199,FALSE,SIMULATED_REEM_V2,DEVELOPMENT,TRUE
2025-04-08,1,15,4,2,2025,FALSE,1.1987,FALSE,SIMULATED_REEM_V2,DEVELOPMENT,TRUE
2025-04-09,2,15,4,2,2025,FALSE,1.1983,FALSE,SIMULATED_REEM_V2,DEVELOPMENT,TRUE
2025-04-10,3,15,4,2,2025,FALSE,1.1978,FALSE,SIMULATED_REEM_V2,DEVELOPMENT,TRUE
2025-04-11,4,15,4,2,2025,FALSE,1.1972,FALSE,SIMULATED_REEM_V2,DEVELOPMENT,TRUE
2025-04-12,5,15,4,2,2025,TRUE,1.1966,FALSE,SIMULATED_REEM_V2,DEVELOPMENT,TRUE
2025-04-13,6,15,4,2,2025,TRUE,1.196,FALSE,SIMULATED_REEM_V2,DEVELOPMENT,TRUE
2025-04-14,0,16,4,2,2025,FALSE,1.1953,FALSE,SIMULATED_REEM_V2,DEVELOPMENT,TRUE
2025-04-15,1,16,4,2,2025,FALSE,1.1945,FALSE,SIMULATED_REEM_V2,DEVELOPMENT,TRUE
2025-04-16,2,16,4,2,2025,FALSE,1.1937,FALSE,SIMULATED_REEM_V2,DEVELOPMENT,TRUE
2025-04-17,3,16,4,2,2025,FALSE,1.1928,FALSE,SIMULATED_REEM_V2,DEVELOPMENT,TRUE
2025-04-18,4,16,4,2,2025,FALSE,1.1918,FALSE,SIMULATED_REEM_V2,DEVELOPMENT,TRUE
2025-04-19,5,16,4,2,2025,TRUE,1.1908,FALSE,SIMULATED_REEM_V2,DEVELOPMENT,TRUE
2025-04-20,6,16,4,2,2025,TRUE,1.1898,FALSE,SIMULATED_REEM_V2,DEVELOPMENT,TRUE
2025-04-21,0,17,4,2,2025,FALSE,1.1886,FALSE,SIMULATED_REEM_V2,DEVELOPMENT,TRUE
2025-04-22,1,17,4,2,2025,FALSE,1.1875,FALSE,SIMULATED_REEM_V2,DEVELOPMENT,TRUE
2025-04-23,2,17,4,2,2025,FALSE,1.1862,FALSE,SIMULATED_REEM_V2,DEVELOPMENT,TRUE
2025-04-24,3,17,4,2,2025,FALSE,1.185,FALSE,SIMULATED_REEM_V2,DEVELOPMENT,TRUE
2025-04-25,4,17,4,2,2025,FALSE,1.1836,FALSE,SIMULATED_REEM_V2,DEVELOPMENT,TRUE
2025-04-26,5,17,4,2,2025,TRUE,1.1822,FALSE,SIMULATED_REEM_V2,DEVELOPMENT,TRUE
2025-04-27,6,17,4,2,2025,TRUE,1.1808,FALSE,SIMULATED_REEM_V2,DEVELOPMENT,TRUE
2025-04-28,0,18,4,2,2025,FALSE,1.1793,FALSE,SIMULATED_REEM_V2,DEVELOPMENT,TRUE
2025-04-29,1,18,4,2,2025,FALSE,1.1777,FALSE,SIMULATED_REEM_V2,DEVELOPMENT,TRUE
2025-04-30,2,18,4,2,2025,FALSE,1.1761,FALSE,SIMULATED_REEM_V2,DEVELOPMENT,TRUE
2025-05-01,3,18,5,2,2025,FALSE,1.1745,TRUE,SIMULATED_REEM_V2,DEVELOPMENT,TRUE
2025-05-02,4,18,5,2,2025,FALSE,1.1728,FALSE,SIMULATED_REEM_V2,DEVELOPMENT,TRUE
2025-05-03,5,18,5,2,2025,TRUE,1.171,FALSE,SIMULATED_REEM_V2,DEVELOPMENT,TRUE
2025-05-04,6,18,5,2,2025,TRUE,1.1692,FALSE,SIMULATED_REEM_V2,DEVELOPMENT,TRUE
2025-05-05,0,19,5,2,2025,FALSE,1.1673,FALSE,SIMULATED_REEM_V2,DEVELOPMENT,TRUE
2025-05-06,1,19,5,2,2025,FALSE,1.1654,FALSE,SIMULATED_REEM_V2,DEVELOPMENT,TRUE
2025-05-07,2,19,5,2,2025,FALSE,1.1635,FALSE,SIMULATED_REEM_V2,DEVELOPMENT,TRUE
2025-05-08,3,19,5,2,2025,FALSE,1.1615,FALSE,SIMULATED_REEM_V2,DEVELOPMENT,TRUE
2025-05-09,4,19,5,2,2025,FALSE,1.1594,FALSE,SIMULATED_REEM_V2,DEVELOPMENT,TRUE
2025-05-10,5,19,5,2,2025,TRUE,1.1573,FALSE,SIMULATED_REEM_V2,DEVELOPMENT,TRUE
2025-05-11,6,19,5,2,2025,TRUE,1.1552,FALSE,SIMULATED_REEM_V2,DEVELOPMENT,TRUE
2025-05-12,0,20,5,2,2025,FALSE,1.153,FALSE,SIMULATED_REEM_V2,DEVELOPMENT,TRUE
2025-05-13,1,20,5,2,2025,FALSE,1.1507,FALSE,SIMULATED_REEM_V2,DEVELOPMENT,TRUE
2025-05-14,2,20,5,2,2025,FALSE,1.1485,FALSE,SIMULATED_REEM_V2,DEVELOPMENT,TRUE
2025-05-15,3,20,5,2,2025,FALSE,1.1461,FALSE,SIMULATED_REEM_V2,DEVELOPMENT,TRUE
2025-05-16,4,20,5,2,2025,FALSE,1.1438,FALSE,SIMULATED_REEM_V2,DEVELOPMENT,TRUE
2025-05-17,5,20,5,2,2025,TRUE,1.1413,FALSE,SIMULATED_REEM_V2,DEVELOPMENT,TRUE
2025-05-18,6,20,5,2,2025,TRUE,1.1389,FALSE,SIMULATED_REEM_V2,DEVELOPMENT,TRUE
2025-05-19,0,21,5,2,2025,FALSE,1.1364,FALSE,SIMULATED_REEM_V2,DEVELOPMENT,TRUE
2025-05-20,1,21,5,2,2025,FALSE,1.1339,FALSE,SIMULATED_REEM_V2,DEVELOPMENT,TRUE
2025-05-21,2,21,5,2,2025,FALSE,1.1313,FALSE,SIMULATED_REEM_V2,DEVELOPMENT,TRUE
2025-05-22,3,21,5,2,2025,FALSE,1.1287,FALSE,SIMULATED_REEM_V2,DEVELOPMENT,TRUE
2025-05-23,4,21,5,2,2025,FALSE,1.126,FALSE,SIMULATED_REEM_V2,DEVELOPMENT,TRUE
2025-05-24,5,21,5,2,2025,TRUE,1.1233,FALSE,SIMULATED_REEM_V2,DEVELOPMENT,TRUE
2025-05-25,6,21,5,2,2025,TRUE,1.1206,FALSE,SIMULATED_REEM_V2,DEVELOPMENT,TRUE
2025-05-26,0,22,5,2,2025,FALSE,1.1178,FALSE,SIMULATED_REEM_V2,DEVELOPMENT,TRUE
2025-05-27,1,22,5,2,2025,FALSE,1.115,FALSE,SIMULATED_REEM_V2,DEVELOPMENT,TRUE
2025-05-28,2,22,5,2,2025,FALSE,1.1122,FALSE,SIMULATED_REEM_V2,DEVELOPMENT,TRUE
2025-05-29,3,22,5,2,2025,FALSE,1.1093,FALSE,SIMULATED_REEM_V2,DEVELOPMENT,TRUE
2025-05-30,4,22,5,2,2025,FALSE,1.1064,FALSE,SIMULATED_REEM_V2,DEVELOPMENT,TRUE
2025-05-31,5,22,5,2,2025,TRUE,1.1035,FALSE,SIMULATED_REEM_V2,DEVELOPMENT,TRUE
2025-06-01,6,22,6,2,2025,TRUE,1.1006,FALSE,SIMULATED_REEM_V2,DEVELOPMENT,TRUE
2025-06-02,0,23,6,2,2025,FALSE,1.0976,FALSE,SIMULATED_REEM_V2,DEVELOPMENT,TRUE
2025-06-03,1,23,6,2,2025,FALSE,1.0946,FALSE,SIMULATED_REEM_V2,DEVELOPMENT,TRUE
2025-06-04,2,23,6,2,2025,FALSE,1.0915,FALSE,SIMULATED_REEM_V2,DEVELOPMENT,TRUE
2025-06-05,3,23,6,2,2025,FALSE,1.0884,FALSE,SIMULATED_REEM_V2,DEVELOPMENT,TRUE
2025-06-06,4,23,6,2,2025,FALSE,1.0853,FALSE,SIMULATED_REEM_V2,DEVELOPMENT,TRUE
2025-06-07,5,23,6,2,2025,TRUE,1.0822,FALSE,SIMULATED_REEM_V2,DEVELOPMENT,TRUE
2025-06-08,6,23,6,2,2025,TRUE,1.0791,FALSE,SIMULATED_REEM_V2,DEVELOPMENT,TRUE
2025-06-09,0,24,6,2,2025,FALSE,1.0759,FALSE,SIMULATED_REEM_V2,DEVELOPMENT,TRUE
2025-06-10,1,24,6,2,2025,FALSE,1.0727,FALSE,SIMULATED_REEM_V2,DEVELOPMENT,TRUE
2025-06-11,2,24,6,2,2025,FALSE,1.0695,FALSE,SIMULATED_REEM_V2,DEVELOPMENT,TRUE
2025-06-12,3,24,6,2,2025,FALSE,1.0662,FALSE,SIMULATED_REEM_V2,DEVELOPMENT,TRUE
2025-06-13,4,24,6,2,2025,FALSE,1.063,FALSE,SIMULATED_REEM_V2,DEVELOPMENT,TRUE
2025-06-14,5,24,6,2,2025,TRUE,1.0597,FALSE,SIMULATED_REEM_V2,DEVELOPMENT,TRUE
2025-06-15,6,24,6,2,2025,TRUE,1.0564,FALSE,SIMULATED_REEM_V2,DEVELOPMENT,TRUE
2025-06-16,0,25,6,2,2025,FALSE,1.0531,FALSE,SIMULATED_REEM_V2,DEVELOPMENT,TRUE
2025-06-17,1,25,6,2,2025,FALSE,1.0498,FALSE,SIMULATED_REEM_V2,DEVELOPMENT,TRUE
2025-06-18,2,25,6,2,2025,FALSE,1.0464,FALSE,SIMULATED_REEM_V2,DEVELOPMENT,TRUE
2025-06-19,3,25,6,2,2025,FALSE,1.0431,FALSE,SIMULATED_REEM_V2,DEVELOPMENT,TRUE
2025-06-20,4,25,6,2,2025,FALSE,1.0397,FALSE,SIMULATED_REEM_V2,DEVELOPMENT,TRUE
2025-06-21,5,25,6,2,2025,TRUE,1.0364,FALSE,SIMULATED_REEM_V2,DEVELOPMENT,TRUE
2025-06-22,6,25,6,2,2025,TRUE,1.033,FALSE,SIMULATED_REEM_V2,DEVELOPMENT,TRUE
2025-06-23,0,26,6,2,2025,FALSE,1.0296,FALSE,SIMULATED_REEM_V2,DEVELOPMENT,TRUE
2025-06-24,1,26,6,2,2025,FALSE,1.0262,FALSE,SIMULATED_REEM_V2,DEVELOPMENT,TRUE
2025-06-25,2,26,6,2,2025,FALSE,1.0227,FALSE,SIMULATED_REEM_V2,DEVELOPMENT,TRUE
2025-06-26,3,26,6,2,2025,FALSE,1.0193,FALSE,SIMULATED_REEM_V2,DEVELOPMENT,TRUE
2025-06-27,4,26,6,2,2025,FALSE,1.0159,FALSE,SIMULATED_REEM_V2,DEVELOPMENT,TRUE
2025-06-28,5,26,6,2,2025,TRUE,1.0125,FALSE,SIMULATED_REEM_V2,DEVELOPMENT,TRUE
2025-06-29,6,26,6,2,2025,TRUE,1.009,FALSE,SIMULATED_REEM_V2,DEVELOPMENT,TRUE
2025-06-30,0,27,6,2,2025,FALSE,1.0056,FALSE,SIMULATED_REEM_V2,DEVELOPMENT,TRUE
2025-07-01,1,27,7,3,2025,FALSE,1.0022,FALSE,SIMULATED_REEM_V2,DEVELOPMENT,TRUE
2025-07-02,2,27,7,3,2025,FALSE,0.9987,FALSE,SIMULATED_REEM_V2,DEVELOPMENT,TRUE
2025-07-03,3,27,7,3,2025,FALSE,0.9953,FALSE,SIMULATED_REEM_V2,DEVELOPMENT,TRUE
2025-07-04,4,27,7,3,2025,FALSE,0.9918,FALSE,SIMULATED_REEM_V2,DEVELOPMENT,TRUE
2025-07-05,5,27,7,3,2025,TRUE,0.9884,FALSE,SIMULATED_REEM_V2,DEVELOPMENT,TRUE
2025-07-06,6,27,7,3,2025,TRUE,0.985,FALSE,SIMULATED_REEM_V2,DEVELOPMENT,TRUE
2025-07-07,0,28,7,3,2025,FALSE,0.9815,FALSE,SIMULATED_REEM_V2,DEVELOPMENT,TRUE
2025-07-08,1,28,7,3,2025,FALSE,0.9781,FALSE,SIMULATED_REEM_V2,DEVELOPMENT,TRUE
2025-07-09,2,28,7,3,2025,FALSE,0.9747,FALSE,SIMULATED_REEM_V2,DEVELOPMENT,TRUE
2025-07-10,3,28,7,3,2025,FALSE,0.9713,FALSE,SIMULATED_REEM_V2,DEVELOPMENT,TRUE
2025-07-11,4,28,7,3,2025,FALSE,0.9679,FALSE,SIMULATED_REEM_V2,DEVELOPMENT,TRUE
2025-07-12,5,28,7,3,2025,TRUE,0.9645,FALSE,SIMULATED_REEM_V2,DEVELOPMENT,TRUE
2025-07-13,6,28,7,3,2025,TRUE,0.9611,FALSE,SIMULATED_REEM_V2,DEVELOPMENT,TRUE
2025-07-14,0,29,7,3,2025,FALSE,0.9577,FALSE,SIMULATED_REEM_V2,DEVELOPMENT,TRUE
2025-07-15,1,29,7,3,2025,FALSE,0.9544,FALSE,SIMULATED_REEM_V2,DEVELOPMENT,TRUE
2025-07-16,2,29,7,3,2025,FALSE,0.951,FALSE,SIMULATED_REEM_V2,DEVELOPMENT,TRUE
2025-07-17,3,29,7,3,2025,FALSE,0.9477,FALSE,SIMULATED_REEM_V2,DEVELOPMENT,TRUE
2025-07-18,4,29,7,3,2025,FALSE,0.9444,FALSE,SIMULATED_REEM_V2,DEVELOPMENT,TRUE
2025-07-19,5,29,7,3,2025,TRUE,0.9411,FALSE,SIMULATED_REEM_V2,DEVELOPMENT,TRUE
2025-07-20,6,29,7,3,2025,TRUE,0.9378,FALSE,SIMULATED_REEM_V2,DEVELOPMENT,TRUE
2025-07-21,0,30,7,3,2025,FALSE,0.9346,FALSE,SIMULATED_REEM_V2,DEVELOPMENT,TRUE
2025-07-22,1,30,7,3,2025,FALSE,0.9313,FALSE,SIMULATED_REEM_V2,DEVELOPMENT,TRUE
2025-07-23,2,30,7,3,2025,FALSE,0.9281,FALSE,SIMULATED_REEM_V2,DEVELOPMENT,TRUE
2025-07-24,3,30,7,3,2025,FALSE,0.9249,FALSE,SIMULATED_REEM_V2,DEVELOPMENT,TRUE
2025-07-25,4,30,7,3,2025,FALSE,0.9217,FALSE,SIMULATED_REEM_V2,DEVELOPMENT,TRUE
2025-07-26,5,30,7,3,2025,TRUE,0.9186,FALSE,SIMULATED_REEM_V2,DEVELOPMENT,TRUE
2025-07-27,6,30,7,3,2025,TRUE,0.9154,FALSE,SIMULATED_REEM_V2,DEVELOPMENT,TRUE
2025-07-28,0,31,7,3,2025,FALSE,0.9123,FALSE,SIMULATED_REEM_V2,DEVELOPMENT,TRUE
2025-07-29,1,31,7,3,2025,FALSE,0.9093,FALSE,SIMULATED_REEM_V2,DEVELOPMENT,TRUE
2025-07-30,2,31,7,3,2025,FALSE,0.9062,FALSE,SIMULATED_REEM_V2,DEVELOPMENT,TRUE
2025-07-31,3,31,7,3,2025,FALSE,0.9032,FALSE,SIMULATED_REEM_V2,DEVELOPMENT,TRUE
2025-08-01,4,31,8,3,2025,FALSE,0.9002,FALSE,SIMULATED_REEM_V2,DEVELOPMENT,TRUE
2025-08-02,5,31,8,3,2025,TRUE,0.8972,FALSE,SIMULATED_REEM_V2,DEVELOPMENT,TRUE
2025-08-03,6,31,8,3,2025,TRUE,0.8943,FALSE,SIMULATED_REEM_V2,DEVELOPMENT,TRUE
2025-08-04,0,32,8,3,2025,FALSE,0.8914,FALSE,SIMULATED_REEM_V2,DEVELOPMENT,TRUE
2025-08-05,1,32,8,3,2025,FALSE,0.8885,FALSE,SIMULATED_REEM_V2,DEVELOPMENT,TRUE
2025-08-06,2,32,8,3,2025,FALSE,0.8857,FALSE,SIMULATED_REEM_V2,DEVELOPMENT,TRUE
2025-08-07,3,32,8,3,2025,FALSE,0.8829,FALSE,SIMULATED_REEM_V2,DEVELOPMENT,TRUE
2025-08-08,4,32,8,3,2025,FALSE,0.8801,FALSE,SIMULATED_REEM_V2,DEVELOPMENT,TRUE
2025-08-09,5,32,8,3,2025,TRUE,0.8774,FALSE,SIMULATED_REEM_V2,DEVELOPMENT,TRUE
2025-08-10,6,32,8,3,2025,TRUE,0.8747,FALSE,SIMULATED_REEM_V2,DEVELOPMENT,TRUE
2025-08-11,0,33,8,3,2025,FALSE,0.872,FALSE,SIMULATED_REEM_V2,DEVELOPMENT,TRUE
2025-08-12,1,33,8,3,2025,FALSE,0.8694,FALSE,SIMULATED_REEM_V2,DEVELOPMENT,TRUE
2025-08-13,2,33,8,3,2025,FALSE,0.8668,FALSE,SIMULATED_REEM_V2,DEVELOPMENT,TRUE
2025-08-14,3,33,8,3,2025,FALSE,0.8642,FALSE,SIMULATED_REEM_V2,DEVELOPMENT,TRUE
2025-08-15,4,33,8,3,2025,FALSE,0.8617,FALSE,SIMULATED_REEM_V2,DEVELOPMENT,TRUE
2025-08-16,5,33,8,3,2025,TRUE,0.8593,FALSE,SIMULATED_REEM_V2,DEVELOPMENT,TRUE
2025-08-17,6,33,8,3,2025,TRUE,0.8568,FALSE,SIMULATED_REEM_V2,DEVELOPMENT,TRUE
2025-08-18,0,34,8,3,2025,FALSE,0.8545,FALSE,SIMULATED_REEM_V2,DEVELOPMENT,TRUE
2025-08-19,1,34,8,3,2025,FALSE,0.8521,FALSE,SIMULATED_REEM_V2,DEVELOPMENT,TRUE
2025-08-20,2,34,8,3,2025,FALSE,0.8498,FALSE,SIMULATED_REEM_V2,DEVELOPMENT,TRUE
2025-08-21,3,34,8,3,2025,FALSE,0.8476,FALSE,SIMULATED_REEM_V2,DEVELOPMENT,TRUE
2025-08-22,4,34,8,3,2025,FALSE,0.8454,FALSE,SIMULATED_REEM_V2,DEVELOPMENT,TRUE
2025-08-23,5,34,8,3,2025,TRUE,0.8432,FALSE,SIMULATED_REEM_V2,DEVELOPMENT,TRUE
2025-08-24,6,34,8,3,2025,TRUE,0.8411,FALSE,SIMULATED_REEM_V2,DEVELOPMENT,TRUE
2025-08-25,0,35,8,3,2025,FALSE,0.839,FALSE,SIMULATED_REEM_V2,DEVELOPMENT,TRUE
2025-08-26,1,35,8,3,2025,FALSE,0.837,FALSE,SIMULATED_REEM_V2,DEVELOPMENT,TRUE
2025-08-27,2,35,8,3,2025,FALSE,0.835,FALSE,SIMULATED_REEM_V2,DEVELOPMENT,TRUE
2025-08-28,3,35,8,3,2025,FALSE,0.8331,FALSE,SIMULATED_REEM_V2,DEVELOPMENT,TRUE
2025-08-29,4,35,8,3,2025,FALSE,0.8313,FALSE,SIMULATED_REEM_V2,DEVELOPMENT,TRUE
2025-08-30,5,35,8,3,2025,TRUE,0.8294,FALSE,SIMULATED_REEM_V2,DEVELOPMENT,TRUE
2025-08-31,6,35,8,3,2025,TRUE,0.8277,FALSE,SIMULATED_REEM_V2,DEVELOPMENT,TRUE
2025-09-01,0,36,9,3,2025,FALSE,0.8259,FALSE,SIMULATED_REEM_V2,DEVELOPMENT,TRUE
2025-09-02,1,36,9,3,2025,FALSE,0.8243,FALSE,SIMULATED_REEM_V2,DEVELOPMENT,TRUE
2025-09-03,2,36,9,3,2025,FALSE,0.8227,FALSE,SIMULATED_REEM_V2,DEVELOPMENT,TRUE
2025-09-04,3,36,9,3,2025,FALSE,0.8211,FALSE,SIMULATED_REEM_V2,DEVELOPMENT,TRUE
2025-09-05,4,36,9,3,2025,FALSE,0.8196,FALSE,SIMULATED_REEM_V2,DEVELOPMENT,TRUE
2025-09-06,5,36,9,3,2025,TRUE,0.8181,FALSE,SIMULATED_REEM_V2,DEVELOPMENT,TRUE
2025-09-07,6,36,9,3,2025,TRUE,0.8167,FALSE,SIMULATED_REEM_V2,DEVELOPMENT,TRUE
2025-09-08,0,37,9,3,2025,FALSE,0.8154,FALSE,SIMULATED_REEM_V2,DEVELOPMENT,TRUE
2025-09-09,1,37,9,3,2025,FALSE,0.8141,FALSE,SIMULATED_REEM_V2,DEVELOPMENT,TRUE
2025-09-10,2,37,9,3,2025,FALSE,0.8128,FALSE,SIMULATED_REEM_V2,DEVELOPMENT,TRUE
2025-09-11,3,37,9,3,2025,FALSE,0.8116,FALSE,SIMULATED_REEM_V2,DEVELOPMENT,TRUE
2025-09-12,4,37,9,3,2025,FALSE,0.8105,FALSE,SIMULATED_REEM_V2,DEVELOPMENT,TRUE
2025-09-13,5,37,9,3,2025,TRUE,0.8094,FALSE,SIMULATED_REEM_V2,DEVELOPMENT,TRUE
2025-09-14,6,37,9,3,2025,TRUE,0.8084,FALSE,SIMULATED_REEM_V2,DEVELOPMENT,TRUE
2025-09-15,0,38,9,3,2025,FALSE,0.8075,FALSE,SIMULATED_REEM_V2,DEVELOPMENT,TRUE
2025-09-16,1,38,9,3,2025,FALSE,0.8066,FALSE,SIMULATED_REEM_V2,DEVELOPMENT,TRUE
2025-09-17,2,38,9,3,2025,FALSE,0.8057,FALSE,SIMULATED_REEM_V2,DEVELOPMENT,TRUE
2025-09-18,3,38,9,3,2025,FALSE,0.8049,FALSE,SIMULATED_REEM_V2,DEVELOPMENT,TRUE
2025-09-19,4,38,9,3,2025,FALSE,0.8042,FALSE,SIMULATED_REEM_V2,DEVELOPMENT,TRUE
2025-09-20,5,38,9,3,2025,TRUE,0.8035,FALSE,SIMULATED_REEM_V2,DEVELOPMENT,TRUE
2025-09-21,6,38,9,3,2025,TRUE,0.8029,FALSE,SIMULATED_REEM_V2,DEVELOPMENT,TRUE
2025-09-22,0,39,9,3,2025,FALSE,0.8024,FALSE,SIMULATED_REEM_V2,DEVELOPMENT,TRUE
2025-09-23,1,39,9,3,2025,FALSE,0.8019,FALSE,SIMULATED_REEM_V2,DEVELOPMENT,TRUE
2025-09-24,2,39,9,3,2025,FALSE,0.8014,FALSE,SIMULATED_REEM_V2,DEVELOPMENT,TRUE
2025-09-25,3,39,9,3,2025,FALSE,0.801,FALSE,SIMULATED_REEM_V2,DEVELOPMENT,TRUE
2025-09-26,4,39,9,3,2025,FALSE,0.8007,FALSE,SIMULATED_REEM_V2,DEVELOPMENT,TRUE
2025-09-27,5,39,9,3,2025,TRUE,0.8005,FALSE,SIMULATED_REEM_V2,DEVELOPMENT,TRUE
2025-09-28,6,39,9,3,2025,TRUE,0.8003,FALSE,SIMULATED_REEM_V2,DEVELOPMENT,TRUE
2025-09-29,0,40,9,3,2025,FALSE,0.8001,FALSE,SIMULATED_REEM_V2,DEVELOPMENT,TRUE
2025-09-30,1,40,9,3,2025,FALSE,0.8,FALSE,SIMULATED_REEM_V2,DEVELOPMENT,TRUE
2025-10-01,2,40,10,4,2025,FALSE,0.8,FALSE,SIMULATED_REEM_V2,DEVELOPMENT,TRUE
2025-10-02,3,40,10,4,2025,FALSE,0.8,FALSE,SIMULATED_REEM_V2,DEVELOPMENT,TRUE
2025-10-03,4,40,10,4,2025,FALSE,0.8001,FALSE,SIMULATED_REEM_V2,DEVELOPMENT,TRUE
2025-10-04,5,40,10,4,2025,TRUE,0.8003,FALSE,SIMULATED_REEM_V2,DEVELOPMENT,TRUE
2025-10-05,6,40,10,4,2025,TRUE,0.8005,FALSE,SIMULATED_REEM_V2,DEVELOPMENT,TRUE
2025-10-06,0,41,10,4,2025,FALSE,0.8008,FALSE,SIMULATED_REEM_V2,DEVELOPMENT,TRUE
2025-10-07,1,41,10,4,2025,FALSE,0.8011,FALSE,SIMULATED_REEM_V2,DEVELOPMENT,TRUE
2025-10-08,2,41,10,4,2025,FALSE,0.8015,FALSE,SIMULATED_REEM_V2,DEVELOPMENT,TRUE
2025-10-09,3,41,10,4,2025,FALSE,0.8019,FALSE,SIMULATED_REEM_V2,DEVELOPMENT,TRUE
2025-10-10,4,41,10,4,2025,FALSE,0.8024,FALSE,SIMULATED_REEM_V2,DEVELOPMENT,TRUE
2025-10-11,5,41,10,4,2025,TRUE,0.803,FALSE,SIMULATED_REEM_V2,DEVELOPMENT,TRUE
2025-10-12,6,41,10,4,2025,TRUE,0.8036,FALSE,SIMULATED_REEM_V2,DEVELOPMENT,TRUE
2025-10-13,0,42,10,4,2025,FALSE,0.8043,FALSE,SIMULATED_REEM_V2,DEVELOPMENT,TRUE
2025-10-14,1,42,10,4,2025,FALSE,0.805,FALSE,SIMULATED_REEM_V2,DEVELOPMENT,TRUE
2025-10-15,2,42,10,4,2025,FALSE,0.8058,FALSE,SIMULATED_REEM_V2,DEVELOPMENT,TRUE
2025-10-16,3,42,10,4,2025,FALSE,0.8067,FALSE,SIMULATED_REEM_V2,DEVELOPMENT,TRUE
2025-10-17,4,42,10,4,2025,FALSE,0.8076,FALSE,SIMULATED_REEM_V2,DEVELOPMENT,TRUE
2025-10-18,5,42,10,4,2025,TRUE,0.8086,FALSE,SIMULATED_REEM_V2,DEVELOPMENT,TRUE
2025-10-19,6,42,10,4,2025,TRUE,0.8096,FALSE,SIMULATED_REEM_V2,DEVELOPMENT,TRUE
2025-10-20,0,43,10,4,2025,FALSE,0.8107,FALSE,SIMULATED_REEM_V2,DEVELOPMENT,TRUE
2025-10-21,1,43,10,4,2025,FALSE,0.8118,FALSE,SIMULATED_REEM_V2,DEVELOPMENT,TRUE
2025-10-22,2,43,10,4,2025,FALSE,0.813,FALSE,SIMULATED_REEM_V2,DEVELOPMENT,TRUE
2025-10-23,3,43,10,4,2025,FALSE,0.8142,FALSE,SIMULATED_REEM_V2,DEVELOPMENT,TRUE
2025-10-24,4,43,10,4,2025,FALSE,0.8155,FALSE,SIMULATED_REEM_V2,DEVELOPMENT,TRUE
2025-10-25,5,43,10,4,2025,TRUE,0.8169,FALSE,SIMULATED_REEM_V2,DEVELOPMENT,TRUE
2025-10-26,6,43,10,4,2025,TRUE,0.8183,FALSE,SIMULATED_REEM_V2,DEVELOPMENT,TRUE
2025-10-27,0,44,10,4,2025,FALSE,0.8198,FALSE,SIMULATED_REEM_V2,DEVELOPMENT,TRUE
2025-10-28,1,44,10,4,2025,FALSE,0.8213,FALSE,SIMULATED_REEM_V2,DEVELOPMENT,TRUE
2025-10-29,2,44,10,4,2025,FALSE,0.8229,FALSE,SIMULATED_REEM_V2,DEVELOPMENT,TRUE
2025-10-30,3,44,10,4,2025,FALSE,0.8245,FALSE,SIMULATED_REEM_V2,DEVELOPMENT,TRUE
2025-10-31,4,44,10,4,2025,FALSE,0.8262,FALSE,SIMULATED_REEM_V2,DEVELOPMENT,TRUE
2025-11-01,5,44,11,4,2025,TRUE,0.8279,FALSE,SIMULATED_REEM_V2,DEVELOPMENT,TRUE
2025-11-02,6,44,11,4,2025,TRUE,0.8297,FALSE,SIMULATED_REEM_V2,DEVELOPMENT,TRUE
2025-11-03,0,45,11,4,2025,FALSE,0.8315,FALSE,SIMULATED_REEM_V2,DEVELOPMENT,TRUE
2025-11-04,1,45,11,4,2025,FALSE,0.8334,FALSE,SIMULATED_REEM_V2,DEVELOPMENT,TRUE
2025-11-05,2,45,11,4,2025,FALSE,0.8353,FALSE,SIMULATED_REEM_V2,DEVELOPMENT,TRUE
2025-11-06,3,45,11,4,2025,FALSE,0.8373,FALSE,SIMULATED_REEM_V2,DEVELOPMENT,TRUE
2025-11-07,4,45,11,4,2025,FALSE,0.8393,FALSE,SIMULATED_REEM_V2,DEVELOPMENT,TRUE
2025-11-08,5,45,11,4,2025,TRUE,0.8414,FALSE,SIMULATED_REEM_V2,DEVELOPMENT,TRUE
2025-11-09,6,45,11,4,2025,TRUE,0.8435,FALSE,SIMULATED_REEM_V2,DEVELOPMENT,TRUE
2025-11-10,0,46,11,4,2025,FALSE,0.8456,FALSE,SIMULATED_REEM_V2,DEVELOPMENT,TRUE
2025-11-11,1,46,11,4,2025,FALSE,0.8479,FALSE,SIMULATED_REEM_V2,DEVELOPMENT,TRUE
2025-11-12,2,46,11,4,2025,FALSE,0.8501,FALSE,SIMULATED_REEM_V2,DEVELOPMENT,TRUE
2025-11-13,3,46,11,4,2025,FALSE,0.8524,FALSE,SIMULATED_REEM_V2,DEVELOPMENT,TRUE
2025-11-14,4,46,11,4,2025,FALSE,0.8548,FALSE,SIMULATED_REEM_V2,DEVELOPMENT,TRUE
2025-11-15,5,46,11,4,2025,TRUE,0.8571,FALSE,SIMULATED_REEM_V2,DEVELOPMENT,TRUE
2025-11-16,6,46,11,4,2025,TRUE,0.8596,FALSE,SIMULATED_REEM_V2,DEVELOPMENT,TRUE
2025-11-17,0,47,11,4,2025,FALSE,0.862,FALSE,SIMULATED_REEM_V2,DEVELOPMENT,TRUE
2025-11-18,1,47,11,4,2025,FALSE,0.8646,FALSE,SIMULATED_REEM_V2,DEVELOPMENT,TRUE
2025-11-19,2,47,11,4,2025,FALSE,0.8671,FALSE,SIMULATED_REEM_V2,DEVELOPMENT,TRUE
2025-11-20,3,47,11,4,2025,FALSE,0.8697,FALSE,SIMULATED_REEM_V2,DEVELOPMENT,TRUE
2025-11-21,4,47,11,4,2025,FALSE,0.8723,FALSE,SIMULATED_REEM_V2,DEVELOPMENT,TRUE
2025-11-22,5,47,11,4,2025,TRUE,0.875,FALSE,SIMULATED_REEM_V2,DEVELOPMENT,TRUE
2025-11-23,6,47,11,4,2025,TRUE,0.8777,FALSE,SIMULATED_REEM_V2,DEVELOPMENT,TRUE
2025-11-24,0,48,11,4,2025,FALSE,0.8804,FALSE,SIMULATED_REEM_V2,DEVELOPMENT,TRUE
2025-11-25,1,48,11,4,2025,FALSE,0.8832,FALSE,SIMULATED_REEM_V2,DEVELOPMENT,TRUE
2025-11-26,2,48,11,4,2025,FALSE,0.886,FALSE,SIMULATED_REEM_V2,DEVELOPMENT,TRUE
2025-11-27,3,48,11,4,2025,FALSE,0.8889,FALSE,SIMULATED_REEM_V2,DEVELOPMENT,TRUE
2025-11-28,4,48,11,4,2025,FALSE,0.8917,FALSE,SIMULATED_REEM_V2,DEVELOPMENT,TRUE
2025-11-29,5,48,11,4,2025,TRUE,0.8946,FALSE,SIMULATED_REEM_V2,DEVELOPMENT,TRUE
2025-11-30,6,48,11,4,2025,TRUE,0.8976,FALSE,SIMULATED_REEM_V2,DEVELOPMENT,TRUE
2025-12-01,0,49,12,4,2025,FALSE,0.9006,FALSE,SIMULATED_REEM_V2,DEVELOPMENT,TRUE
2025-12-02,1,49,12,4,2025,FALSE,0.9036,FALSE,SIMULATED_REEM_V2,DEVELOPMENT,TRUE
2025-12-03,2,49,12,4,2025,FALSE,0.9066,FALSE,SIMULATED_REEM_V2,DEVELOPMENT,TRUE
2025-12-04,3,49,12,4,2025,FALSE,0.9096,FALSE,SIMULATED_REEM_V2,DEVELOPMENT,TRUE
2025-12-05,4,49,12,4,2025,FALSE,0.9127,FALSE,SIMULATED_REEM_V2,DEVELOPMENT,TRUE
2025-12-06,5,49,12,4,2025,TRUE,0.9158,FALSE,SIMULATED_REEM_V2,DEVELOPMENT,TRUE
2025-12-07,6,49,12,4,2025,TRUE,0.919,FALSE,SIMULATED_REEM_V2,DEVELOPMENT,TRUE
2025-12-08,0,50,12,4,2025,FALSE,0.9221,FALSE,SIMULATED_REEM_V2,DEVELOPMENT,TRUE
2025-12-09,1,50,12,4,2025,FALSE,0.9253,FALSE,SIMULATED_REEM_V2,DEVELOPMENT,TRUE
2025-12-10,2,50,12,4,2025,FALSE,0.9285,FALSE,SIMULATED_REEM_V2,DEVELOPMENT,TRUE
2025-12-11,3,50,12,4,2025,FALSE,0.9317,FALSE,SIMULATED_REEM_V2,DEVELOPMENT,TRUE
2025-12-12,4,50,12,4,2025,FALSE,0.935,FALSE,SIMULATED_REEM_V2,DEVELOPMENT,TRUE
2025-12-13,5,50,12,4,2025,TRUE,0.9382,FALSE,SIMULATED_REEM_V2,DEVELOPMENT,TRUE
2025-12-14,6,50,12,4,2025,TRUE,0.9415,FALSE,SIMULATED_REEM_V2,DEVELOPMENT,TRUE
2025-12-15,0,51,12,4,2025,FALSE,0.9448,FALSE,SIMULATED_REEM_V2,DEVELOPMENT,TRUE
2025-12-16,1,51,12,4,2025,FALSE,0.9481,FALSE,SIMULATED_REEM_V2,DEVELOPMENT,TRUE
2025-12-17,2,51,12,4,2025,FALSE,0.9515,FALSE,SIMULATED_REEM_V2,DEVELOPMENT,TRUE
2025-12-18,3,51,12,4,2025,FALSE,0.9548,FALSE,SIMULATED_REEM_V2,DEVELOPMENT,TRUE
2025-12-19,4,51,12,4,2025,FALSE,0.9582,FALSE,SIMULATED_REEM_V2,DEVELOPMENT,TRUE
2025-12-20,5,51,12,4,2025,TRUE,0.9615,FALSE,SIMULATED_REEM_V2,DEVELOPMENT,TRUE
2025-12-21,6,51,12,4,2025,TRUE,0.9649,FALSE,SIMULATED_REEM_V2,DEVELOPMENT,TRUE
2025-12-22,0,52,12,4,2025,FALSE,0.9683,FALSE,SIMULATED_REEM_V2,DEVELOPMENT,TRUE
2025-12-23,1,52,12,4,2025,FALSE,0.9717,FALSE,SIMULATED_REEM_V2,DEVELOPMENT,TRUE
2025-12-24,2,52,12,4,2025,FALSE,0.9751,FALSE,SIMULATED_REEM_V2,DEVELOPMENT,TRUE
2025-12-25,3,52,12,4,2025,FALSE,0.9785,TRUE,SIMULATED_REEM_V2,DEVELOPMENT,TRUE
2025-12-26,4,52,12,4,2025,FALSE,0.982,FALSE,SIMULATED_REEM_V2,DEVELOPMENT,TRUE
2025-12-27,5,52,12,4,2025,TRUE,0.9854,FALSE,SIMULATED_REEM_V2,DEVELOPMENT,TRUE
2025-12-28,6,52,12,4,2025,TRUE,0.9888,FALSE,SIMULATED_REEM_V2,DEVELOPMENT,TRUE
2025-12-29,0,1,12,4,2025,FALSE,0.9923,FALSE,SIMULATED_REEM_V2,DEVELOPMENT,TRUE
2025-12-30,1,1,12,4,2025,FALSE,0.9957,FALSE,SIMULATED_REEM_V2,DEVELOPMENT,TRUE
2025-12-31,2,1,12,4,2025,FALSE,0.9991,FALSE,SIMULATED_REEM_V2,DEVELOPMENT,TRUE
2026-01-01,3,1,1,1,2026,FALSE,1.0034,TRUE,SIMULATED_REEM_V2,DEVELOPMENT,TRUE
2026-01-02,4,1,1,1,2026,FALSE,1.0069,FALSE,SIMULATED_REEM_V2,DEVELOPMENT,TRUE
2026-01-03,5,1,1,1,2026,TRUE,1.0103,FALSE,SIMULATED_REEM_V2,DEVELOPMENT,TRUE
2026-01-04,6,1,1,1,2026,TRUE,1.0138,FALSE,SIMULATED_REEM_V2,DEVELOPMENT,TRUE
2026-01-05,0,2,1,1,2026,FALSE,1.0172,FALSE,SIMULATED_REEM_V2,DEVELOPMENT,TRUE
2026-01-06,1,2,1,1,2026,FALSE,1.0206,FALSE,SIMULATED_REEM_V2,DEVELOPMENT,TRUE
2026-01-07,2,2,1,1,2026,FALSE,1.024,FALSE,SIMULATED_REEM_V2,DEVELOPMENT,TRUE
2026-01-08,3,2,1,1,2026,FALSE,1.0274,FALSE,SIMULATED_REEM_V2,DEVELOPMENT,TRUE
2026-01-09,4,2,1,1,2026,FALSE,1.0308,FALSE,SIMULATED_REEM_V2,DEVELOPMENT,TRUE
2026-01-10,5,2,1,1,2026,TRUE,1.0342,FALSE,SIMULATED_REEM_V2,DEVELOPMENT,TRUE
2026-01-11,6,2,1,1,2026,TRUE,1.0376,FALSE,SIMULATED_REEM_V2,DEVELOPMENT,TRUE
2026-01-12,0,3,1,1,2026,FALSE,1.041,FALSE,SIMULATED_REEM_V2,DEVELOPMENT,TRUE
2026-01-13,1,3,1,1,2026,FALSE,1.0444,FALSE,SIMULATED_REEM_V2,DEVELOPMENT,TRUE
2026-01-14,2,3,1,1,2026,FALSE,1.0477,FALSE,SIMULATED_REEM_V2,DEVELOPMENT,TRUE
2026-01-15,3,3,1,1,2026,FALSE,1.051,FALSE,SIMULATED_REEM_V2,DEVELOPMENT,TRUE
2026-01-16,4,3,1,1,2026,FALSE,1.0544,FALSE,SIMULATED_REEM_V2,DEVELOPMENT,TRUE
2026-01-17,5,3,1,1,2026,TRUE,1.0577,FALSE,SIMULATED_REEM_V2,DEVELOPMENT,TRUE
2026-01-18,6,3,1,1,2026,TRUE,1.0609,FALSE,SIMULATED_REEM_V2,DEVELOPMENT,TRUE
2026-01-19,0,4,1,1,2026,FALSE,1.0642,FALSE,SIMULATED_REEM_V2,DEVELOPMENT,TRUE
2026-01-20,1,4,1,1,2026,FALSE,1.0675,FALSE,SIMULATED_REEM_V2,DEVELOPMENT,TRUE
2026-01-21,2,4,1,1,2026,FALSE,1.0707,FALSE,SIMULATED_REEM_V2,DEVELOPMENT,TRUE
2026-01-22,3,4,1,1,2026,FALSE,1.0739,FALSE,SIMULATED_REEM_V2,DEVELOPMENT,TRUE
2026-01-23,4,4,1,1,2026,FALSE,1.0771,FALSE,SIMULATED_REEM_V2,DEVELOPMENT,TRUE
2026-01-24,5,4,1,1,2026,TRUE,1.0802,FALSE,SIMULATED_REEM_V2,DEVELOPMENT,TRUE
2026-01-25,6,4,1,1,2026,TRUE,1.0834,FALSE,SIMULATED_REEM_V2,DEVELOPMENT,TRUE
2026-01-26,0,5,1,1,2026,FALSE,1.0865,FALSE,SIMULATED_REEM_V2,DEVELOPMENT,TRUE
2026-01-27,1,5,1,1,2026,FALSE,1.0896,FALSE,SIMULATED_REEM_V2,DEVELOPMENT,TRUE
2026-01-28,2,5,1,1,2026,FALSE,1.0927,FALSE,SIMULATED_REEM_V2,DEVELOPMENT,TRUE
2026-01-29,3,5,1,1,2026,FALSE,1.0957,FALSE,SIMULATED_REEM_V2,DEVELOPMENT,TRUE
2026-01-30,4,5,1,1,2026,FALSE,1.0987,FALSE,SIMULATED_REEM_V2,DEVELOPMENT,TRUE
2026-01-31,5,5,1,1,2026,TRUE,1.1017,FALSE,SIMULATED_REEM_V2,DEVELOPMENT,TRUE
2026-02-01,6,5,2,1,2026,TRUE,1.1046,FALSE,SIMULATED_REEM_V2,DEVELOPMENT,TRUE
2026-02-02,0,6,2,1,2026,FALSE,1.1075,FALSE,SIMULATED_REEM_V2,DEVELOPMENT,TRUE
2026-02-03,1,6,2,1,2026,FALSE,1.1104,FALSE,SIMULATED_REEM_V2,DEVELOPMENT,TRUE
2026-02-04,2,6,2,1,2026,FALSE,1.1133,FALSE,SIMULATED_REEM_V2,DEVELOPMENT,TRUE
2026-02-05,3,6,2,1,2026,FALSE,1.1161,FALSE,SIMULATED_REEM_V2,DEVELOPMENT,TRUE
2026-02-06,4,6,2,1,2026,FALSE,1.1189,FALSE,SIMULATED_REEM_V2,DEVELOPMENT,TRUE
2026-02-07,5,6,2,1,2026,TRUE,1.1216,FALSE,SIMULATED_REEM_V2,DEVELOPMENT,TRUE
2026-02-08,6,6,2,1,2026,TRUE,1.1243,FALSE,SIMULATED_REEM_V2,DEVELOPMENT,TRUE
2026-02-09,0,7,2,1,2026,FALSE,1.127,FALSE,SIMULATED_REEM_V2,DEVELOPMENT,TRUE
2026-02-10,1,7,2,1,2026,FALSE,1.1297,FALSE,SIMULATED_REEM_V2,DEVELOPMENT,TRUE
2026-02-11,2,7,2,1,2026,FALSE,1.1323,FALSE,SIMULATED_REEM_V2,DEVELOPMENT,TRUE
2026-02-12,3,7,2,1,2026,FALSE,1.1348,FALSE,SIMULATED_REEM_V2,DEVELOPMENT,TRUE
2026-02-13,4,7,2,1,2026,FALSE,1.1373,FALSE,SIMULATED_REEM_V2,DEVELOPMENT,TRUE
2026-02-14,5,7,2,1,2026,TRUE,1.1398,FALSE,SIMULATED_REEM_V2,DEVELOPMENT,TRUE
2026-02-15,6,7,2,1,2026,TRUE,1.1423,FALSE,SIMULATED_REEM_V2,DEVELOPMENT,TRUE
2026-02-16,0,8,2,1,2026,FALSE,1.1447,FALSE,SIMULATED_REEM_V2,DEVELOPMENT,TRUE
2026-02-17,1,8,2,1,2026,FALSE,1.147,FALSE,SIMULATED_REEM_V2,DEVELOPMENT,TRUE
2026-02-18,2,8,2,1,2026,FALSE,1.1493,FALSE,SIMULATED_REEM_V2,DEVELOPMENT,TRUE
2026-02-19,3,8,2,1,2026,FALSE,1.1516,FALSE,SIMULATED_REEM_V2,DEVELOPMENT,TRUE
2026-02-20,4,8,2,1,2026,FALSE,1.1538,FALSE,SIMULATED_REEM_V2,DEVELOPMENT,TRUE
2026-02-21,5,8,2,1,2026,TRUE,1.156,FALSE,SIMULATED_REEM_V2,DEVELOPMENT,TRUE
2026-02-22,6,8,2,1,2026,TRUE,1.1581,FALSE,SIMULATED_REEM_V2,DEVELOPMENT,TRUE
2026-02-23,0,9,2,1,2026,FALSE,1.1602,FALSE,SIMULATED_REEM_V2,DEVELOPMENT,TRUE
2026-02-24,1,9,2,1,2026,FALSE,1.1622,FALSE,SIMULATED_REEM_V2,DEVELOPMENT,TRUE
2026-02-25,2,9,2,1,2026,FALSE,1.1642,FALSE,SIMULATED_REEM_V2,DEVELOPMENT,TRUE
2026-02-26,3,9,2,1,2026,FALSE,1.1662,FALSE,SIMULATED_REEM_V2,DEVELOPMENT,TRUE
2026-02-27,4,9,2,1,2026,FALSE,1.168,FALSE,SIMULATED_REEM_V2,DEVELOPMENT,TRUE
2026-02-28,5,9,2,1,2026,TRUE,1.1699,FALSE,SIMULATED_REEM_V2,DEVELOPMENT,TRUE
2026-03-01,6,9,3,1,2026,TRUE,1.1717,FALSE,SIMULATED_REEM_V2,DEVELOPMENT,TRUE
2026-03-02,0,10,3,1,2026,FALSE,1.1734,FALSE,SIMULATED_REEM_V2,DEVELOPMENT,TRUE
2026-03-03,1,10,3,1,2026,FALSE,1.1751,FALSE,SIMULATED_REEM_V2,DEVELOPMENT,TRUE
2026-03-04,2,10,3,1,2026,FALSE,1.1767,FALSE,SIMULATED_REEM_V2,DEVELOPMENT,TRUE
2026-03-05,3,10,3,1,2026,FALSE,1.1783,FALSE,SIMULATED_REEM_V2,DEVELOPMENT,TRUE
2026-03-06,4,10,3,1,2026,FALSE,1.1799,FALSE,SIMULATED_REEM_V2,DEVELOPMENT,TRUE
2026-03-07,5,10,3,1,2026,TRUE,1.1813,FALSE,SIMULATED_REEM_V2,DEVELOPMENT,TRUE
2026-03-08,6,10,3,1,2026,TRUE,1.1828,FALSE,SIMULATED_REEM_V2,DEVELOPMENT,TRUE
2026-03-09,0,11,3,1,2026,FALSE,1.1841,FALSE,SIMULATED_REEM_V2,DEVELOPMENT,TRUE
2026-03-10,1,11,3,1,2026,FALSE,1.1854,FALSE,SIMULATED_REEM_V2,DEVELOPMENT,TRUE
2026-03-11,2,11,3,1,2026,FALSE,1.1867,FALSE,SIMULATED_REEM_V2,DEVELOPMENT,TRUE
2026-03-12,3,11,3,1,2026,FALSE,1.1879,FALSE,SIMULATED_REEM_V2,DEVELOPMENT,TRUE
2026-03-13,4,11,3,1,2026,FALSE,1.1891,FALSE,SIMULATED_REEM_V2,DEVELOPMENT,TRUE
2026-03-14,5,11,3,1,2026,TRUE,1.1902,FALSE,SIMULATED_REEM_V2,DEVELOPMENT,TRUE
2026-03-15,6,11,3,1,2026,TRUE,1.1912,FALSE,SIMULATED_REEM_V2,DEVELOPMENT,TRUE
2026-03-16,0,12,3,1,2026,FALSE,1.1922,FALSE,SIMULATED_REEM_V2,DEVELOPMENT,TRUE
2026-03-17,1,12,3,1,2026,FALSE,1.1931,FALSE,SIMULATED_REEM_V2,DEVELOPMENT,TRUE
2026-03-18,2,12,3,1,2026,FALSE,1.194,FALSE,SIMULATED_REEM_V2,DEVELOPMENT,TRUE
2026-03-19,3,12,3,1,2026,FALSE,1.1948,FALSE,SIMULATED_REEM_V2,DEVELOPMENT,TRUE
2026-03-20,4,12,3,1,2026,FALSE,1.1955,FALSE,SIMULATED_REEM_V2,DEVELOPMENT,TRUE
2026-03-21,5,12,3,1,2026,TRUE,1.1962,FALSE,SIMULATED_REEM_V2,DEVELOPMENT,TRUE
2026-03-22,6,12,3,1,2026,TRUE,1.1969,FALSE,SIMULATED_REEM_V2,DEVELOPMENT,TRUE
2026-03-23,0,13,3,1,2026,FALSE,1.1974,FALSE,SIMULATED_REEM_V2,DEVELOPMENT,TRUE
2026-03-24,1,13,3,1,2026,FALSE,1.198,FALSE,SIMULATED_REEM_V2,DEVELOPMENT,TRUE
2026-03-25,2,13,3,1,2026,FALSE,1.1984,FALSE,SIMULATED_REEM_V2,DEVELOPMENT,TRUE
2026-03-26,3,13,3,1,2026,FALSE,1.1988,FALSE,SIMULATED_REEM_V2,DEVELOPMENT,TRUE
2026-03-27,4,13,3,1,2026,FALSE,1.1992,FALSE,SIMULATED_REEM_V2,DEVELOPMENT,TRUE
2026-03-28,5,13,3,1,2026,TRUE,1.1994,FALSE,SIMULATED_REEM_V2,DEVELOPMENT,TRUE
2026-03-29,6,13,3,1,2026,TRUE,1.1997,FALSE,SIMULATED_REEM_V2,DEVELOPMENT,TRUE
2026-03-30,0,14,3,1,2026,FALSE,1.1998,FALSE,SIMULATED_REEM_V2,DEVELOPMENT,TRUE
2026-03-31,1,14,3,1,2026,FALSE,1.1999,FALSE,SIMULATED_REEM_V2,DEVELOPMENT,TRUE
2026-04-01,2,14,4,2,2026,FALSE,1.2,FALSE,SIMULATED_REEM_V2,DEVELOPMENT,TRUE
2026-04-02,3,14,4,2,2026,FALSE,1.2,FALSE,SIMULATED_REEM_V2,DEVELOPMENT,TRUE
2026-04-03,4,14,4,2,2026,FALSE,1.1999,FALSE,SIMULATED_REEM_V2,DEVELOPMENT,TRUE
2026-04-04,5,14,4,2,2026,TRUE,1.1998,FALSE,SIMULATED_REEM_V2,DEVELOPMENT,TRUE
2026-04-05,6,14,4,2,2026,TRUE,1.1996,FALSE,SIMULATED_REEM_V2,DEVELOPMENT,TRUE
2026-04-06,0,15,4,2,2026,FALSE,1.1994,FALSE,SIMULATED_REEM_V2,DEVELOPMENT,TRUE
2026-04-07,1,15,4,2,2026,FALSE,1.199,FALSE,SIMULATED_REEM_V2,DEVELOPMENT,TRUE
2026-04-08,2,15,4,2,2026,FALSE,1.1987,FALSE,SIMULATED_REEM_V2,DEVELOPMENT,TRUE
2026-04-09,3,15,4,2,2026,FALSE,1.1983,FALSE,SIMULATED_REEM_V2,DEVELOPMENT,TRUE
2026-04-10,4,15,4,2,2026,FALSE,1.1978,FALSE,SIMULATED_REEM_V2,DEVELOPMENT,TRUE
2026-04-11,5,15,4,2,2026,TRUE,1.1972,FALSE,SIMULATED_REEM_V2,DEVELOPMENT,TRUE
2026-04-12,6,15,4,2,2026,TRUE,1.1966,FALSE,SIMULATED_REEM_V2,DEVELOPMENT,TRUE
2026-04-13,0,16,4,2,2026,FALSE,1.196,FALSE,SIMULATED_REEM_V2,DEVELOPMENT,TRUE
2026-04-14,1,16,4,2,2026,FALSE,1.1953,FALSE,SIMULATED_REEM_V2,DEVELOPMENT,TRUE
2026-04-15,2,16,4,2,2026,FALSE,1.1945,FALSE,SIMULATED_REEM_V2,DEVELOPMENT,TRUE
2026-04-16,3,16,4,2,2026,FALSE,1.1937,FALSE,SIMULATED_REEM_V2,DEVELOPMENT,TRUE
2026-04-17,4,16,4,2,2026,FALSE,1.1928,FALSE,SIMULATED_REEM_V2,DEVELOPMENT,TRUE
2026-04-18,5,16,4,2,2026,TRUE,1.1918,FALSE,SIMULATED_REEM_V2,DEVELOPMENT,TRUE
2026-04-19,6,16,4,2,2026,TRUE,1.1908,FALSE,SIMULATED_REEM_V2,DEVELOPMENT,TRUE
2026-04-20,0,17,4,2,2026,FALSE,1.1898,FALSE,SIMULATED_REEM_V2,DEVELOPMENT,TRUE
2026-04-21,1,17,4,2,2026,FALSE,1.1886,FALSE,SIMULATED_REEM_V2,DEVELOPMENT,TRUE
2026-04-22,2,17,4,2,2026,FALSE,1.1875,FALSE,SIMULATED_REEM_V2,DEVELOPMENT,TRUE
2026-04-23,3,17,4,2,2026,FALSE,1.1862,FALSE,SIMULATED_REEM_V2,DEVELOPMENT,TRUE
2026-04-24,4,17,4,2,2026,FALSE,1.185,FALSE,SIMULATED_REEM_V2,DEVELOPMENT,TRUE
2026-04-25,5,17,4,2,2026,TRUE,1.1836,FALSE,SIMULATED_REEM_V2,DEVELOPMENT,TRUE
2026-04-26,6,17,4,2,2026,TRUE,1.1822,FALSE,SIMULATED_REEM_V2,DEVELOPMENT,TRUE
2026-04-27,0,18,4,2,2026,FALSE,1.1808,FALSE,SIMULATED_REEM_V2,DEVELOPMENT,TRUE
2026-04-28,1,18,4,2,2026,FALSE,1.1793,FALSE,SIMULATED_REEM_V2,DEVELOPMENT,TRUE
2026-04-29,2,18,4,2,2026,FALSE,1.1777,FALSE,SIMULATED_REEM_V2,DEVELOPMENT,TRUE
2026-04-30,3,18,4,2,2026,FALSE,1.1761,FALSE,SIMULATED_REEM_V2,DEVELOPMENT,TRUE
2026-05-01,4,18,5,2,2026,FALSE,1.1745,TRUE,SIMULATED_REEM_V2,DEVELOPMENT,TRUE
2026-05-02,5,18,5,2,2026,TRUE,1.1728,FALSE,SIMULATED_REEM_V2,DEVELOPMENT,TRUE
2026-05-03,6,18,5,2,2026,TRUE,1.171,FALSE,SIMULATED_REEM_V2,DEVELOPMENT,TRUE
2026-05-04,0,19,5,2,2026,FALSE,1.1692,FALSE,SIMULATED_REEM_V2,DEVELOPMENT,TRUE
2026-05-05,1,19,5,2,2026,FALSE,1.1673,FALSE,SIMULATED_REEM_V2,DEVELOPMENT,TRUE
2026-05-06,2,19,5,2,2026,FALSE,1.1654,FALSE,SIMULATED_REEM_V2,DEVELOPMENT,TRUE
2026-05-07,3,19,5,2,2026,FALSE,1.1635,FALSE,SIMULATED_REEM_V2,DEVELOPMENT,TRUE
2026-05-08,4,19,5,2,2026,FALSE,1.1615,FALSE,SIMULATED_REEM_V2,DEVELOPMENT,TRUE
2026-05-09,5,19,5,2,2026,TRUE,1.1594,FALSE,SIMULATED_REEM_V2,DEVELOPMENT,TRUE
2026-05-10,6,19,5,2,2026,TRUE,1.1573,FALSE,SIMULATED_REEM_V2,DEVELOPMENT,TRUE
2026-05-11,0,20,5,2,2026,FALSE,1.1552,FALSE,SIMULATED_REEM_V2,DEVELOPMENT,TRUE
2026-05-12,1,20,5,2,2026,FALSE,1.153,FALSE,SIMULATED_REEM_V2,DEVELOPMENT,TRUE
2026-05-13,2,20,5,2,2026,FALSE,1.1507,FALSE,SIMULATED_REEM_V2,DEVELOPMENT,TRUE
2026-05-14,3,20,5,2,2026,FALSE,1.1485,FALSE,SIMULATED_REEM_V2,DEVELOPMENT,TRUE
2026-05-15,4,20,5,2,2026,FALSE,1.1461,FALSE,SIMULATED_REEM_V2,DEVELOPMENT,TRUE
2026-05-16,5,20,5,2,2026,TRUE,1.1438,FALSE,SIMULATED_REEM_V2,DEVELOPMENT,TRUE
2026-05-17,6,20,5,2,2026,TRUE,1.1413,FALSE,SIMULATED_REEM_V2,DEVELOPMENT,TRUE
2026-05-18,0,21,5,2,2026,FALSE,1.1389,FALSE,SIMULATED_REEM_V2,DEVELOPMENT,TRUE
2026-05-19,1,21,5,2,2026,FALSE,1.1364,FALSE,SIMULATED_REEM_V2,DEVELOPMENT,TRUE
2026-05-20,2,21,5,2,2026,FALSE,1.1339,FALSE,SIMULATED_REEM_V2,DEVELOPMENT,TRUE
2026-05-21,3,21,5,2,2026,FALSE,1.1313,FALSE,SIMULATED_REEM_V2,DEVELOPMENT,TRUE
2026-05-22,4,21,5,2,2026,FALSE,1.1287,FALSE,SIMULATED_REEM_V2,DEVELOPMENT,TRUE
2026-05-23,5,21,5,2,2026,TRUE,1.126,FALSE,SIMULATED_REEM_V2,DEVELOPMENT,TRUE
2026-05-24,6,21,5,2,2026,TRUE,1.1233,FALSE,SIMULATED_REEM_V2,DEVELOPMENT,TRUE
2026-05-25,0,22,5,2,2026,FALSE,1.1206,FALSE,SIMULATED_REEM_V2,DEVELOPMENT,TRUE
2026-05-26,1,22,5,2,2026,FALSE,1.1178,FALSE,SIMULATED_REEM_V2,DEVELOPMENT,TRUE
2026-05-27,2,22,5,2,2026,FALSE,1.115,FALSE,SIMULATED_REEM_V2,DEVELOPMENT,TRUE
2026-05-28,3,22,5,2,2026,FALSE,1.1122,FALSE,SIMULATED_REEM_V2,DEVELOPMENT,TRUE
2026-05-29,4,22,5,2,2026,FALSE,1.1093,FALSE,SIMULATED_REEM_V2,DEVELOPMENT,TRUE
2026-05-30,5,22,5,2,2026,TRUE,1.1064,FALSE,SIMULATED_REEM_V2,DEVELOPMENT,TRUE
2026-05-31,6,22,5,2,2026,TRUE,1.1035,FALSE,SIMULATED_REEM_V2,DEVELOPMENT,TRUE
2026-06-01,0,23,6,2,2026,FALSE,1.1006,FALSE,SIMULATED_REEM_V2,DEVELOPMENT,TRUE
2026-06-02,1,23,6,2,2026,FALSE,1.0976,FALSE,SIMULATED_REEM_V2,DEVELOPMENT,TRUE
2026-06-03,2,23,6,2,2026,FALSE,1.0946,FALSE,SIMULATED_REEM_V2,DEVELOPMENT,TRUE
2026-06-04,3,23,6,2,2026,FALSE,1.0915,FALSE,SIMULATED_REEM_V2,DEVELOPMENT,TRUE
2026-06-05,4,23,6,2,2026,FALSE,1.0884,FALSE,SIMULATED_REEM_V2,DEVELOPMENT,TRUE
2026-06-06,5,23,6,2,2026,TRUE,1.0853,FALSE,SIMULATED_REEM_V2,DEVELOPMENT,TRUE
2026-06-07,6,23,6,2,2026,TRUE,1.0822,FALSE,SIMULATED_REEM_V2,DEVELOPMENT,TRUE
2026-06-08,0,24,6,2,2026,FALSE,1.0791,FALSE,SIMULATED_REEM_V2,DEVELOPMENT,TRUE
2026-06-09,1,24,6,2,2026,FALSE,1.0759,FALSE,SIMULATED_REEM_V2,DEVELOPMENT,TRUE
2026-06-10,2,24,6,2,2026,FALSE,1.0727,FALSE,SIMULATED_REEM_V2,DEVELOPMENT,TRUE
2026-06-11,3,24,6,2,2026,FALSE,1.0695,FALSE,SIMULATED_REEM_V2,DEVELOPMENT,TRUE
2026-06-12,4,24,6,2,2026,FALSE,1.0662,FALSE,SIMULATED_REEM_V2,DEVELOPMENT,TRUE
2026-06-13,5,24,6,2,2026,TRUE,1.063,FALSE,SIMULATED_REEM_V2,DEVELOPMENT,TRUE
2026-06-14,6,24,6,2,2026,TRUE,1.0597,FALSE,SIMULATED_REEM_V2,DEVELOPMENT,TRUE
2026-06-15,0,25,6,2,2026,FALSE,1.0564,FALSE,SIMULATED_REEM_V2,DEVELOPMENT,TRUE
2026-06-16,1,25,6,2,2026,FALSE,1.0531,FALSE,SIMULATED_REEM_V2,DEVELOPMENT,TRUE
2026-06-17,2,25,6,2,2026,FALSE,1.0498,FALSE,SIMULATED_REEM_V2,DEVELOPMENT,TRUE
2026-06-18,3,25,6,2,2026,FALSE,1.0464,FALSE,SIMULATED_REEM_V2,DEVELOPMENT,TRUE
2026-06-19,4,25,6,2,2026,FALSE,1.0431,FALSE,SIMULATED_REEM_V2,DEVELOPMENT,TRUE
2026-06-20,5,25,6,2,2026,TRUE,1.0397,FALSE,SIMULATED_REEM_V2,DEVELOPMENT,TRUE
2026-06-21,6,25,6,2,2026,TRUE,1.0364,FALSE,SIMULATED_REEM_V2,DEVELOPMENT,TRUE
2026-06-22,0,26,6,2,2026,FALSE,1.033,FALSE,SIMULATED_REEM_V2,DEVELOPMENT,TRUE
2026-06-23,1,26,6,2,2026,FALSE,1.0296,FALSE,SIMULATED_REEM_V2,DEVELOPMENT,TRUE
2026-06-24,2,26,6,2,2026,FALSE,1.0262,FALSE,SIMULATED_REEM_V2,DEVELOPMENT,TRUE
2026-06-25,3,26,6,2,2026,FALSE,1.0227,FALSE,SIMULATED_REEM_V2,DEVELOPMENT,TRUE
2026-06-26,4,26,6,2,2026,FALSE,1.0193,FALSE,SIMULATED_REEM_V2,DEVELOPMENT,TRUE
2026-06-27,5,26,6,2,2026,TRUE,1.0159,FALSE,SIMULATED_REEM_V2,DEVELOPMENT,TRUE
2026-06-28,6,26,6,2,2026,TRUE,1.0125,FALSE,SIMULATED_REEM_V2,DEVELOPMENT,TRUE
2026-06-29,0,27,6,2,2026,FALSE,1.009,FALSE,SIMULATED_REEM_V2,DEVELOPMENT,TRUE
2026-06-30,1,27,6,2,2026,FALSE,1.0056,FALSE,SIMULATED_REEM_V2,DEVELOPMENT,TRUE
2026-07-01,2,27,7,3,2026,FALSE,1.0022,FALSE,SIMULATED_REEM_V2,DEVELOPMENT,TRUE
2026-07-02,3,27,7,3,2026,FALSE,0.9987,FALSE,SIMULATED_REEM_V2,DEVELOPMENT,TRUE
2026-07-03,4,27,7,3,2026,FALSE,0.9953,FALSE,SIMULATED_REEM_V2,DEVELOPMENT,TRUE
2026-07-04,5,27,7,3,2026,TRUE,0.9918,FALSE,SIMULATED_REEM_V2,DEVELOPMENT,TRUE
2026-07-05,6,27,7,3,2026,TRUE,0.9884,FALSE,SIMULATED_REEM_V2,DEVELOPMENT,TRUE
2026-07-06,0,28,7,3,2026,FALSE,0.985,FALSE,SIMULATED_REEM_V2,DEVELOPMENT,TRUE
2026-07-07,1,28,7,3,2026,FALSE,0.9815,FALSE,SIMULATED_REEM_V2,DEVELOPMENT,TRUE
2026-07-08,2,28,7,3,2026,FALSE,0.9781,FALSE,SIMULATED_REEM_V2,DEVELOPMENT,TRUE
2026-07-09,3,28,7,3,2026,FALSE,0.9747,FALSE,SIMULATED_REEM_V2,DEVELOPMENT,TRUE
2026-07-10,4,28,7,3,2026,FALSE,0.9713,FALSE,SIMULATED_REEM_V2,DEVELOPMENT,TRUE
2026-07-11,5,28,7,3,2026,TRUE,0.9679,FALSE,SIMULATED_REEM_V2,DEVELOPMENT,TRUE
2026-07-12,6,28,7,3,2026,TRUE,0.9645,FALSE,SIMULATED_REEM_V2,DEVELOPMENT,TRUE
2026-07-13,0,29,7,3,2026,FALSE,0.9611,FALSE,SIMULATED_REEM_V2,DEVELOPMENT,TRUE
2026-07-14,1,29,7,3,2026,FALSE,0.9577,FALSE,SIMULATED_REEM_V2,DEVELOPMENT,TRUE
2026-07-15,2,29,7,3,2026,FALSE,0.9544,FALSE,SIMULATED_REEM_V2,DEVELOPMENT,TRUE
2026-07-16,3,29,7,3,2026,FALSE,0.951,FALSE,SIMULATED_REEM_V2,DEVELOPMENT,TRUE
2026-07-17,4,29,7,3,2026,FALSE,0.9477,FALSE,SIMULATED_REEM_V2,DEVELOPMENT,TRUE
2026-07-18,5,29,7,3,2026,TRUE,0.9444,FALSE,SIMULATED_REEM_V2,DEVELOPMENT,TRUE
2026-07-19,6,29,7,3,2026,TRUE,0.9411,FALSE,SIMULATED_REEM_V2,DEVELOPMENT,TRUE
2026-07-20,0,30,7,3,2026,FALSE,0.9378,FALSE,SIMULATED_REEM_V2,DEVELOPMENT,TRUE
2026-07-21,1,30,7,3,2026,FALSE,0.9346,FALSE,SIMULATED_REEM_V2,DEVELOPMENT,TRUE
2026-07-22,2,30,7,3,2026,FALSE,0.9313,FALSE,SIMULATED_REEM_V2,DEVELOPMENT,TRUE
2026-07-23,3,30,7,3,2026,FALSE,0.9281,FALSE,SIMULATED_REEM_V2,DEVELOPMENT,TRUE
2026-07-24,4,30,7,3,2026,FALSE,0.9249,FALSE,SIMULATED_REEM_V2,DEVELOPMENT,TRUE
2026-07-25,5,30,7,3,2026,TRUE,0.9217,FALSE,SIMULATED_REEM_V2,DEVELOPMENT,TRUE
2026-07-26,6,30,7,3,2026,TRUE,0.9186,FALSE,SIMULATED_REEM_V2,DEVELOPMENT,TRUE
2026-07-27,0,31,7,3,2026,FALSE,0.9154,FALSE,SIMULATED_REEM_V2,DEVELOPMENT,TRUE
2026-07-28,1,31,7,3,2026,FALSE,0.9123,FALSE,SIMULATED_REEM_V2,DEVELOPMENT,TRUE
2026-07-29,2,31,7,3,2026,FALSE,0.9093,FALSE,SIMULATED_REEM_V2,DEVELOPMENT,TRUE
2026-07-30,3,31,7,3,2026,FALSE,0.9062,FALSE,SIMULATED_REEM_V2,DEVELOPMENT,TRUE
2026-07-31,4,31,7,3,2026,FALSE,0.9032,FALSE,SIMULATED_REEM_V2,DEVELOPMENT,TRUE
2026-08-01,5,31,8,3,2026,TRUE,0.9002,FALSE,SIMULATED_REEM_V2,DEVELOPMENT,TRUE
2026-08-02,6,31,8,3,2026,TRUE,0.8972,FALSE,SIMULATED_REEM_V2,DEVELOPMENT,TRUE
2026-08-03,0,32,8,3,2026,FALSE,0.8943,FALSE,SIMULATED_REEM_V2,DEVELOPMENT,TRUE
2026-08-04,1,32,8,3,2026,FALSE,0.8914,FALSE,SIMULATED_REEM_V2,DEVELOPMENT,TRUE
2026-08-05,2,32,8,3,2026,FALSE,0.8885,FALSE,SIMULATED_REEM_V2,DEVELOPMENT,TRUE
2026-08-06,3,32,8,3,2026,FALSE,0.8857,FALSE,SIMULATED_REEM_V2,DEVELOPMENT,TRUE
2026-08-07,4,32,8,3,2026,FALSE,0.8829,FALSE,SIMULATED_REEM_V2,DEVELOPMENT,TRUE
2026-08-08,5,32,8,3,2026,TRUE,0.8801,FALSE,SIMULATED_REEM_V2,DEVELOPMENT,TRUE
2026-08-09,6,32,8,3,2026,TRUE,0.8774,FALSE,SIMULATED_REEM_V2,DEVELOPMENT,TRUE
2026-08-10,0,33,8,3,2026,FALSE,0.8747,FALSE,SIMULATED_REEM_V2,DEVELOPMENT,TRUE
2026-08-11,1,33,8,3,2026,FALSE,0.872,FALSE,SIMULATED_REEM_V2,DEVELOPMENT,TRUE
2026-08-12,2,33,8,3,2026,FALSE,0.8694,FALSE,SIMULATED_REEM_V2,DEVELOPMENT,TRUE
2026-08-13,3,33,8,3,2026,FALSE,0.8668,FALSE,SIMULATED_REEM_V2,DEVELOPMENT,TRUE
2026-08-14,4,33,8,3,2026,FALSE,0.8642,FALSE,SIMULATED_REEM_V2,DEVELOPMENT,TRUE
2026-08-15,5,33,8,3,2026,TRUE,0.8617,FALSE,SIMULATED_REEM_V2,DEVELOPMENT,TRUE
2026-08-16,6,33,8,3,2026,TRUE,0.8593,FALSE,SIMULATED_REEM_V2,DEVELOPMENT,TRUE
2026-08-17,0,34,8,3,2026,FALSE,0.8568,FALSE,SIMULATED_REEM_V2,DEVELOPMENT,TRUE
2026-08-18,1,34,8,3,2026,FALSE,0.8545,FALSE,SIMULATED_REEM_V2,DEVELOPMENT,TRUE
2026-08-19,2,34,8,3,2026,FALSE,0.8521,FALSE,SIMULATED_REEM_V2,DEVELOPMENT,TRUE
2026-08-20,3,34,8,3,2026,FALSE,0.8498,FALSE,SIMULATED_REEM_V2,DEVELOPMENT,TRUE
2026-08-21,4,34,8,3,2026,FALSE,0.8476,FALSE,SIMULATED_REEM_V2,DEVELOPMENT,TRUE
2026-08-22,5,34,8,3,2026,TRUE,0.8454,FALSE,SIMULATED_REEM_V2,DEVELOPMENT,TRUE
2026-08-23,6,34,8,3,2026,TRUE,0.8432,FALSE,SIMULATED_REEM_V2,DEVELOPMENT,TRUE
2026-08-24,0,35,8,3,2026,FALSE,0.8411,FALSE,SIMULATED_REEM_V2,DEVELOPMENT,TRUE
2026-08-25,1,35,8,3,2026,FALSE,0.839,FALSE,SIMULATED_REEM_V2,DEVELOPMENT,TRUE
2026-08-26,2,35,8,3,2026,FALSE,0.837,FALSE,SIMULATED_REEM_V2,DEVELOPMENT,TRUE
2026-08-27,3,35,8,3,2026,FALSE,0.835,FALSE,SIMULATED_REEM_V2,DEVELOPMENT,TRUE
2026-08-28,4,35,8,3,2026,FALSE,0.8331,FALSE,SIMULATED_REEM_V2,DEVELOPMENT,TRUE
2026-08-29,5,35,8,3,2026,TRUE,0.8313,FALSE,SIMULATED_REEM_V2,DEVELOPMENT,TRUE
2026-08-30,6,35,8,3,2026,TRUE,0.8294,FALSE,SIMULATED_REEM_V2,DEVELOPMENT,TRUE
2026-08-31,0,36,8,3,2026,FALSE,0.8277,FALSE,SIMULATED_REEM_V2,DEVELOPMENT,TRUE
2026-09-01,1,36,9,3,2026,FALSE,0.8259,FALSE,SIMULATED_REEM_V2,DEVELOPMENT,TRUE
2026-09-02,2,36,9,3,2026,FALSE,0.8243,FALSE,SIMULATED_REEM_V2,DEVELOPMENT,TRUE
2026-09-03,3,36,9,3,2026,FALSE,0.8227,FALSE,SIMULATED_REEM_V2,DEVELOPMENT,TRUE
2026-09-04,4,36,9,3,2026,FALSE,0.8211,FALSE,SIMULATED_REEM_V2,DEVELOPMENT,TRUE
2026-09-05,5,36,9,3,2026,TRUE,0.8196,FALSE,SIMULATED_REEM_V2,DEVELOPMENT,TRUE
2026-09-06,6,36,9,3,2026,TRUE,0.8181,FALSE,SIMULATED_REEM_V2,DEVELOPMENT,TRUE
2026-09-07,0,37,9,3,2026,FALSE,0.8167,FALSE,SIMULATED_REEM_V2,DEVELOPMENT,TRUE
2026-09-08,1,37,9,3,2026,FALSE,0.8154,FALSE,SIMULATED_REEM_V2,DEVELOPMENT,TRUE
2026-09-09,2,37,9,3,2026,FALSE,0.8141,FALSE,SIMULATED_REEM_V2,DEVELOPMENT,TRUE
